,House_ID,Location,Area_sqft,Bedrooms,Bathrooms,House_Age,Parking,Furnishing,Distance_City_km,Price
0,H0001,Hyderabad,2684.0,1,3,15,1,Furnished,9,2556873.0
1,H0002,Mumbai,2128.0,6,5,26,1,Furnished,29,5190304.0
2,H0003,Mumbai,1259.0,4,1,22,2,Unfurnished,39,2923170.0
3,H0004,Mumbai,3462.0,5,2,4,0,Furnished,15,6342845.0
4,H0005,Delhi,3410.0,2,3,4,1,Semi-Furnished,35,5383702.0
5,H0006,Delhi,958.0,2,1,20,3,Unfurnished,18,1879003.0
6,H0007,Banglore,4258.0,2,3,8,1,Unfurnished,36,6664758.0
7,H0008,Banglore,4674.0,4,1,3,0,Unfurnished,10,7246553.0
8,H0009,Banglore,2684.0,6,1,34,2,Semi-Furnished,22,2529770.0
10,H0011,Mumbai,3155.0,4,1,7,2,Furnished,20,5417083.0
11,H0012,Hyderabad,4863.0,2,2,30,1,Semi-Furnished,17,7103906.0
12,H0013,Delhi,3768.0,6,3,28,3,Furnished,8,6911547.0
13,H0014,Delhi,982.0,2,1,2,2,Semi-Furnished,5,2622531.0
14,H0015,Pune,4372.0,2,4,26,1,Semi-Furnished,7,6453039.0
15,H0016,Delhi,1306.0,1,4,21,0,Unfurnished,16,2578096.0
16,H0017,Delhi,4130.0,5,1,3,0,Semi-Furnished,6,6993861.0
17,H0018,Delhi,3698.0,3,4,18,3,Furnished,36,6287911.0
18,H0019,Mumbai,968.0,1,5,30,1,Furnished,4,2624096.0
19,H0020,Hyderabad,2516.0,5,5,2,0,Semi-Furnished,27,5906883.0
20,H0021,Mumbai,2957.0,4,3,4,0,Furnished,30,5798741.0
21,H0022,Hyderabad,2501.0,3,3,10,3,Unfurnished,35,4593412.0
22,H0023,Hyderabad,1600.0,3,1,6,1,Furnished,18,3315442.0
23,H0024,Delhi,916.0,1,4,17,0,Unfurnished,1,2373959.0
24,H0025,Delhi,1416.0,1,2,34,0,Semi-Furnished,24,2618564.0
25,H0026,Hyderabad,3431.0,2,2,6,2,Unfurnished,36,5403317.0
26,H0027,Delhi,3877.0,1,2,21,3,Unfurnished,16,5442166.0
27,H0028,Pune,4270.0,3,3,14,1,Semi-Furnished,2,6726511.0
28,H0029,Mumbai,4892.0,3,1,7,2,Furnished,12,7268761.0
29,H0030,Mumbai,1447.0,4,5,12,2,Unfurnished,3,4208639.0
30,H0031,Hyderabad,3483.0,4,1,21,2,Semi-Furnished,8,5794510.0
31,H0032,Mumbai,3605.0,6,2,39,2,Semi-Furnished,26,6680553.0
32,H0033,Banglore,4122.0,6,2,32,3,Unfurnished,11,6960314.0
33,H0034,Pune,3042.0,2,2,9,0,Unfurnished,3,4902136.0
34,H0035,Pune,3645.0,4,4,15,1,Furnished,1,6330764.0
35,H0036,Pune,1494.0,4,2,29,2,Unfurnished,29,3587098.0
36,H0037,Mumbai,2771.0,5,4,40,1,Unfurnished,18,5596439.0
37,H0038,Banglore,2394.0,4,2,13,0,Unfurnished,27,4735198.0
38,H0039,Pune,660.0,5,4,30,0,Semi-Furnished,23,2990118.0
39,H0040,Delhi,2735.0,4,4,1,3,Semi-Furnished,22,5585956.0
40,H0041,Banglore,722.0,1,4,8,3,Semi-Furnished,12,1879127.0
41,H0042,Banglore,3953.0,3,1,30,0,Furnished,35,5573215.0
42,H0043,Mumbai,2133.0,1,5,9,1,Unfurnished,9,4171164.0
43,H0044,Pune,1438.0,2,3,6,0,Unfurnished,20,3209137.0
44,H0045,Pune,2970.0,6,5,7,0,Unfurnished,23,6687623.0
45,H0046,Delhi,1364.0,4,3,40,3,Unfurnished,10,3493441.0
46,H0047,Banglore,4308.0,4,5,17,2,Semi-Furnished,16,7160472.0
47,H0048,Banglore,3162.0,2,4,13,2,Unfurnished,17,4969183.0
48,H0049,Mumbai,3829.0,4,5,15,3,Furnished,32,6904745.0
49,H0050,Banglore,4849.0,3,4,35,2,Semi-Furnished,23,7529586.0
50,H0051,Hyderabad,2016.0,2,2,30,2,Semi-Furnished,38,3579321.0
51,H0052,Delhi,4875.0,2,3,2,0,Unfurnished,36,7206327.0
52,H0053,Mumbai,4108.0,3,2,3,2,Semi-Furnished,31,6264229.0
53,H0054,Hyderabad,2989.0,1,2,7,3,Semi-Furnished,39,4358450.0
54,H0055,Delhi,993.0,5,1,13,1,Furnished,17,4969183.0
55,H0056,Delhi,2885.0,1,2,18,2,Semi-Furnished,30,4006637.0
56,H0057,Delhi,4961.0,2,2,17,1,Semi-Furnished,5,6920735.0
57,H0058,Hyderabad,2991.0,6,4,17,3,Furnished,29,5958549.0
58,H0059,Hyderabad,669.0,6,3,36,0,Unfurnished,12,3326155.0
59,H0060,Delhi,1247.0,4,3,26,2,Semi-Furnished,21,3091080.0
60,H0061,Pune,2684.0,4,1,20,2,Unfurnished,21,2326552.0
61,H0062,Banglore,4747.0,3,5,31,3,Unfurnished,4,7429846.0
62,H0063,Mumbai,2460.0,6,2,19,0,Furnished,36,5309809.0
63,H0064,Pune,4582.0,6,3,32,2,Furnished,27,7999337.0
64,H0065,Mumbai,1618.0,1,3,26,2,Semi-Furnished,33,2746750.0
65,H0066,Pune,4158.0,5,4,22,2,Semi-Furnished,36,7459427.0
66,H0067,Pune,3865.0,1,3,30,3,Furnished,25,5322493.0
67,H0068,Mumbai,1316.0,5,4,0,1,Semi-Furnished,27,3906059.0
68,H0069,Delhi,3191.0,6,5,24,2,Unfurnished,32,6746496.0
69,H0070,Mumbai,1323.0,4,2,19,0,Semi-Furnished,3,3422731.0
71,H0072,Hyderabad,4311.0,3,5,10,0,Semi-Furnished,29,7140551.0
72,H0073,Hyderabad,3651.0,4,1,15,3,Semi-Furnished,37,5972595.0
73,H0074,Delhi,901.0,5,4,18,1,Unfurnished,39,3375635.0
74,H0075,Mumbai,1620.0,6,1,40,0,Unfurnished,20,4056236.0
75,H0076,Pune,2144.0,2,5,23,2,Semi-Furnished,11,4107252.0
76,H0077,Mumbai,2348.0,6,4,35,2,Semi-Furnished,6,5451341.0
77,H0078,Banglore,3543.0,1,2,30,0,Unfurnished,40,5140278.0
78,H0079,Mumbai,3844.0,1,2,2,0,Furnished,20,5809354.0
79,H0080,Hyderabad,4925.0,4,5,9,3,Semi-Furnished,7,8448117.0
80,H0081,Banglore,2434.0,3,1,23,2,Furnished,4,4338279.0
81,H0082,Mumbai,674.0,1,3,15,1,Unfurnished,37,1638973.0
82,H0083,Mumbai,523.0,3,2,8,2,Furnished,12,4969183.0
83,H0084,Hyderabad,3948.0,5,1,4,3,Unfurnished,29,6782225.0
84,H0085,Pune,4771.0,3,4,1,0,Unfurnished,31,7681326.0
85,H0086,Banglore,1715.0,1,2,17,2,Semi-Furnished,25,3119329.0
86,H0087,Pune,2261.0,4,4,14,3,Semi-Furnished,22,4938728.0
87,H0088,Banglore,4385.0,1,1,5,0,Furnished,28,5823255.0
88,H0089,Banglore,3396.0,6,4,3,2,Furnished,39,6777826.0
89,H0090,Hyderabad,3511.0,1,3,36,1,Unfurnished,28,5251415.0
90,H0091,Delhi,737.0,2,3,19,2,Furnished,23,1835802.0
91,H0092,Banglore,4845.0,2,4,26,3,Semi-Furnished,22,7009055.0
92,H0093,Pune,1789.0,5,1,5,2,Unfurnished,29,4246411.0
93,H0094,Mumbai,2820.0,6,5,31,2,Unfurnished,3,6040230.0
94,H0095,Pune,3187.0,1,1,31,3,Unfurnished,12,4239861.0
95,H0096,Hyderabad,846.0,4,1,29,0,Semi-Furnished,21,2620337.0
96,H0097,Pune,4269.0,6,3,5,3,Unfurnished,7,7742935.0
97,H0098,Delhi,1877.0,1,5,40,0,Semi-Furnished,34,3467123.0
98,H0099,Pune,2596.0,2,2,38,1,Semi-Furnished,5,3995951.0
99,H0100,Pune,3147.0,6,3,9,3,Unfurnished,5,6603099.0
100,H0101,Hyderabad,4202.0,1,1,23,2,Unfurnished,5,5532082.0
101,H0102,Mumbai,4184.0,5,2,20,3,Semi-Furnished,33,6813989.0
102,H0103,Hyderabad,1913.0,1,2,28,3,Furnished,34,3193741.0
103,H0104,Pune,928.0,6,3,4,2,Semi-Furnished,7,4073666.0
104,H0105,Hyderabad,1167.0,5,2,22,2,Unfurnished,26,3185615.0
105,H0106,Banglore,4812.0,1,4,32,2,Furnished,2,6924611.0
106,H0107,Hyderabad,1769.0,1,3,6,0,Semi-Furnished,22,3040214.0
107,H0108,Pune,4085.0,1,4,23,1,Furnished,29,5925768.0
108,H0109,Hyderabad,3513.0,6,5,28,3,Unfurnished,19,6991022.0
109,H0110,Banglore,927.0,6,4,23,0,Furnished,34,3443134.0
110,H0111,Hyderabad,2318.0,4,3,1,3,Semi-Furnished,4,5017312.0
111,H0112,Pune,3246.0,2,2,2,2,Semi-Furnished,31,4969183.0
112,H0113,Mumbai,4823.0,4,1,18,1,Furnished,20,7185367.0
113,H0114,Pune,4891.0,1,5,36,1,Furnished,10,7014620.0
114,H0115,Mumbai,3454.0,1,5,34,0,Unfurnished,25,5422772.0
115,H0116,Banglore,2475.0,6,1,37,2,Unfurnished,9,4751489.0
116,H0117,Mumbai,4420.0,6,2,8,0,Furnished,30,7412780.0
117,H0118,Mumbai,4948.0,4,3,2,1,Unfurnished,19,8046914.0
118,H0119,Banglore,3667.0,3,2,31,3,Furnished,24,5914900.0
119,H0120,Hyderabad,3131.0,1,1,20,2,Unfurnished,20,4574776.0
120,H0121,Banglore,3388.0,5,4,17,0,Unfurnished,5,6596542.0
121,H0122,Mumbai,4089.0,1,2,4,1,Unfurnished,24,5926542.0
122,H0123,Mumbai,1627.0,5,3,25,2,Furnished,18,4024136.0
123,H0124,Mumbai,2632.0,6,4,13,2,Furnished,32,5678302.0
124,H0125,Delhi,3118.0,6,3,4,2,Semi-Furnished,20,6216756.0
125,H0126,Delhi,715.0,3,5,36,2,Unfurnished,30,2776443.0
126,H0127,Pune,3865.0,4,5,4,1,Semi-Furnished,21,6720767.0
127,H0128,Delhi,1990.0,2,4,32,0,Semi-Furnished,8,3971269.0
128,H0129,Hyderabad,2826.0,1,3,12,2,Unfurnished,9,4493734.0
129,H0130,Delhi,3265.0,5,1,1,0,Unfurnished,3,6020511.0
130,H0131,Mumbai,2974.0,4,2,25,2,Furnished,30,4945317.0
131,H0132,Hyderabad,3115.0,6,3,25,1,Furnished,24,6357995.0
132,H0133,Hyderabad,2877.0,4,5,26,1,Unfurnished,11,5630741.0
133,H0134,Delhi,2684.0,4,1,5,3,Furnished,33,5446841.0
134,H0135,Banglore,4355.0,3,5,0,0,Unfurnished,28,4969183.0
135,H0136,Hyderabad,3469.0,5,3,4,3,Semi-Furnished,33,6580030.0
136,H0137,Mumbai,3557.0,3,5,23,1,Unfurnished,13,6357253.0
137,H0138,Hyderabad,4723.0,2,3,39,2,Unfurnished,11,6884642.0
138,H0139,Hyderabad,2955.0,4,1,23,2,Semi-Furnished,8,5262774.0
139,H0140,Hyderabad,2364.0,6,1,37,3,Semi-Furnished,11,4969183.0
140,H0141,Pune,655.0,4,3,26,1,Unfurnished,27,2454795.0
141,H0142,Pune,1631.0,5,2,35,2,Semi-Furnished,31,4003202.0
142,H0143,Banglore,2665.0,5,4,12,1,Furnished,18,5873196.0
143,H0144,Hyderabad,4505.0,3,4,22,2,Unfurnished,19,6918794.0
144,H0145,Banglore,1699.0,3,1,18,0,Unfurnished,23,3457664.0
145,H0146,Hyderabad,1624.0,1,5,37,1,Furnished,16,2802031.0
146,H0147,Delhi,1626.0,1,5,10,3,Semi-Furnished,31,3446841.0
147,H0148,Pune,4883.0,6,1,11,3,Semi-Furnished,12,7877705.0
148,H0149,Hyderabad,2944.0,5,5,6,2,Unfurnished,19,6304219.0
149,H0150,Banglore,1422.0,3,2,29,2,Semi-Furnished,12,2771168.0
150,H0151,Delhi,4003.0,5,3,5,3,Semi-Furnished,7,7062357.0
151,H0152,Delhi,3200.0,3,5,36,0,Furnished,17,5622017.0
152,H0153,Delhi,3047.0,6,1,40,2,Furnished,24,5517977.0
153,H0154,Hyderabad,4357.0,5,2,15,0,Unfurnished,34,7376849.0
154,H0155,Pune,2156.0,5,5,9,1,Furnished,21,5387817.0
155,H0156,Mumbai,955.0,4,2,32,3,Unfurnished,30,2967303.0
156,H0157,Hyderabad,2285.0,5,1,2,3,Furnished,23,4523857.0
157,H0158,Pune,1609.0,6,4,23,3,Furnished,29,4551633.0
158,H0159,Mumbai,1962.0,5,4,33,1,Semi-Furnished,15,4253042.0
159,H0160,Pune,4273.0,3,2,17,1,Unfurnished,8,4969183.0
160,H0161,Pune,775.0,4,5,3,1,Furnished,3,3456805.0
161,H0162,Delhi,2418.0,6,5,20,2,Unfurnished,16,5688022.0
162,H0163,Pune,1934.0,6,4,35,3,Unfurnished,4,4911945.0
163,H0164,Hyderabad,4379.0,2,2,19,1,Semi-Furnished,30,6075223.0
164,H0165,Pune,2684.0,4,3,5,1,Unfurnished,4,3437902.0
165,H0166,Delhi,2277.0,4,2,21,2,Unfurnished,1,4439496.0
166,H0167,Pune,2175.0,4,2,35,2,Unfurnished,19,4264152.0
167,H0168,Hyderabad,2684.0,3,2,23,2,Furnished,27,6298136.0
168,H0169,Delhi,2918.0,2,2,21,1,Semi-Furnished,25,4864067.0
169,H0170,Pune,4518.0,4,2,22,1,Furnished,9,7429695.0
170,H0171,Mumbai,1108.0,6,1,0,3,Unfurnished,9,3677275.0
171,H0172,Delhi,4458.0,6,4,1,0,Furnished,35,8343040.0
172,H0173,Hyderabad,4027.0,2,1,6,1,Unfurnished,16,5843655.0
173,H0174,Mumbai,4260.0,5,2,14,2,Semi-Furnished,6,6975223.0
174,H0175,Delhi,4594.0,4,3,36,0,Furnished,34,6877418.0
175,H0176,Delhi,2796.0,5,5,2,1,Unfurnished,21,5696618.0
176,H0177,Mumbai,2469.0,5,4,34,2,Unfurnished,25,4944548.0
177,H0178,Delhi,3749.0,3,1,40,2,Semi-Furnished,29,5718235.0
178,H0179,Delhi,2919.0,2,1,5,2,Unfurnished,10,4751258.0
179,H0180,Hyderabad,2709.0,1,2,5,1,Unfurnished,28,4331446.0
180,H0181,Hyderabad,3157.0,4,1,18,3,Furnished,25,5122213.0
181,H0182,Banglore,4539.0,2,1,10,3,Semi-Furnished,18,6648357.0
182,H0183,Banglore,2101.0,4,1,8,2,Unfurnished,1,4401113.0
183,H0184,Delhi,1615.0,3,3,38,1,Semi-Furnished,31,3282445.0
184,H0185,Hyderabad,2485.0,3,4,17,3,Furnished,24,4511420.0
185,H0186,Pune,4281.0,6,2,28,2,Furnished,5,7561216.0
186,H0187,Delhi,1105.0,4,5,30,3,Unfurnished,35,3532221.0
187,H0188,Banglore,1395.0,2,3,10,0,Semi-Furnished,37,3058029.0
188,H0189,Delhi,2310.0,4,3,25,3,Semi-Furnished,38,4706776.0
189,H0190,Pune,1660.0,3,3,21,3,Semi-Furnished,14,3808428.0
190,H0191,Delhi,1442.0,1,3,6,1,Unfurnished,16,3081458.0
191,H0192,Pune,2684.0,2,4,25,0,Unfurnished,40,3570109.0
192,H0193,Delhi,1012.0,5,1,34,1,Semi-Furnished,24,2946219.0
193,H0194,Pune,3683.0,5,4,37,0,Unfurnished,23,6603682.0
194,H0195,Banglore,1597.0,3,1,15,2,Unfurnished,8,3168336.0
196,H0197,Pune,1618.0,2,4,35,3,Unfurnished,27,3372211.0
197,H0198,Hyderabad,2892.0,1,3,14,2,Unfurnished,11,4704936.0
198,H0199,Pune,4949.0,3,5,2,3,Furnished,35,7822957.0
199,H0200,Hyderabad,2652.0,3,1,28,0,Unfurnished,16,4292473.0
200,H0201,Hyderabad,2192.0,2,1,36,2,Unfurnished,35,3340139.0
201,H0202,Delhi,4714.0,6,1,8,3,Unfurnished,4,7997594.0
202,H0203,Pune,3717.0,4,2,36,2,Furnished,27,6058796.0
203,H0204,Banglore,3523.0,4,4,20,0,Furnished,6,6478318.0
205,H0206,Banglore,1794.0,4,4,0,3,Furnished,13,4226120.0
206,H0207,Mumbai,1855.0,1,4,40,2,Unfurnished,15,3301081.0
207,H0208,Pune,4145.0,1,1,21,0,Furnished,28,5412595.0
208,H0209,Hyderabad,2951.0,2,4,8,1,Furnished,5,5392478.0
209,H0210,Mumbai,3872.0,5,4,13,0,Unfurnished,7,6928214.0
210,H0211,Delhi,1190.0,2,5,38,2,Unfurnished,2,2904302.0
211,H0212,Hyderabad,2460.0,4,4,7,1,Furnished,32,4796461.0
212,H0213,Mumbai,3493.0,5,2,30,0,Semi-Furnished,2,5952413.0
213,H0214,Hyderabad,4604.0,4,4,25,0,Furnished,35,7663572.0
214,H0215,Delhi,4894.0,3,4,37,0,Furnished,20,7561537.0
215,H0216,Banglore,1938.0,1,1,8,0,Unfurnished,11,3361126.0
216,H0217,Hyderabad,2701.0,6,1,1,2,Furnished,28,5526392.0
217,H0218,Mumbai,954.0,4,5,10,2,Unfurnished,11,3407308.0
218,H0219,Delhi,600.0,2,1,30,2,Furnished,25,1402375.0
219,H0220,Mumbai,3909.0,6,3,17,0,Unfurnished,37,7176717.0
220,H0221,Mumbai,3784.0,1,4,18,2,Semi-Furnished,21,5446381.0
221,H0222,Pune,3516.0,5,4,12,1,Furnished,10,6355887.0
222,H0223,Delhi,511.0,6,4,19,0,Semi-Furnished,14,3508750.0
223,H0224,Hyderabad,2396.0,5,4,23,3,Furnished,6,5015419.0
224,H0225,Banglore,1570.0,2,3,16,2,Semi-Furnished,26,3186099.0
225,H0226,Mumbai,1773.0,1,2,28,3,Unfurnished,21,2968859.0
226,H0227,Delhi,1240.0,2,3,38,0,Furnished,14,2631716.0
227,H0228,Mumbai,1924.0,1,4,28,1,Furnished,7,3578287.0
228,H0229,Mumbai,3781.0,3,1,37,2,Furnished,5,5415059.0
229,H0230,Banglore,3216.0,1,1,29,0,Semi-Furnished,11,4618397.0
230,H0231,Pune,1717.0,1,5,39,1,Unfurnished,19,3348525.0
231,H0232,Hyderabad,4807.0,2,5,1,3,Semi-Furnished,23,7696385.0
232,H0233,Hyderabad,2294.0,1,3,3,3,Furnished,34,3877595.0
233,H0234,Delhi,958.0,2,5,24,2,Unfurnished,12,2584254.0
234,H0235,Banglore,3380.0,5,5,9,1,Furnished,32,6824458.0
235,H0236,Mumbai,505.0,3,5,12,1,Furnished,22,2412080.0
236,H0237,Banglore,3560.0,6,4,37,0,Furnished,22,6708423.0
237,H0238,Pune,3099.0,2,5,39,2,Semi-Furnished,15,4987669.0
238,H0239,Hyderabad,3707.0,5,1,11,2,Furnished,40,6220025.0
240,H0241,Banglore,3661.0,4,4,10,3,Unfurnished,32,6530308.0
241,H0242,Banglore,2347.0,2,4,4,0,Semi-Furnished,19,4102453.0
242,H0243,Delhi,4981.0,1,3,38,3,Unfurnished,2,6989475.0
243,H0244,Pune,4924.0,3,3,19,1,Unfurnished,7,7285846.0
244,H0245,Mumbai,4434.0,2,1,1,1,Semi-Furnished,11,6511786.0
245,H0246,Banglore,1246.0,6,5,24,1,Furnished,24,4285174.0
246,H0247,Hyderabad,1004.0,2,1,5,2,Furnished,35,2363896.0
247,H0248,Mumbai,4389.0,5,2,30,2,Unfurnished,6,7350782.0
248,H0249,Pune,4178.0,2,2,13,1,Furnished,9,5983348.0
249,H0250,Hyderabad,2612.0,3,1,5,3,Semi-Furnished,36,4571056.0
250,H0251,Hyderabad,4780.0,4,1,26,1,Unfurnished,10,7570116.0
251,H0252,Hyderabad,2843.0,5,3,26,2,Unfurnished,25,5685772.0
252,H0253,Delhi,3790.0,1,4,21,1,Semi-Furnished,4,5916302.0
253,H0254,Hyderabad,2367.0,2,3,28,2,Unfurnished,18,4157417.0
254,H0255,Hyderabad,4731.0,3,1,32,1,Semi-Furnished,5,6908436.0
255,H0256,Delhi,2144.0,1,2,2,3,Semi-Furnished,4,3710680.0
256,H0257,Hyderabad,2481.0,3,4,38,3,Unfurnished,12,4734835.0
257,H0258,Delhi,2835.0,1,4,3,1,Unfurnished,37,4511729.0
258,H0259,Hyderabad,572.0,4,2,11,0,Semi-Furnished,15,2466050.0
259,H0260,Delhi,4260.0,3,2,29,2,Furnished,34,6468444.0
260,H0261,Banglore,4446.0,1,3,17,2,Furnished,18,6299032.0
261,H0262,Banglore,3810.0,6,3,8,0,Semi-Furnished,32,7091963.0
262,H0263,Banglore,3311.0,6,2,34,3,Furnished,23,6350158.0
263,H0264,Banglore,2618.0,6,5,11,2,Furnished,6,5984649.0
264,H0265,Pune,2908.0,4,1,30,0,Furnished,38,4624275.0
265,H0266,Delhi,1735.0,2,2,21,3,Semi-Furnished,37,3266798.0
266,H0267,Delhi,3067.0,6,1,0,3,Unfurnished,18,5959953.0
267,H0268,Hyderabad,4017.0,4,4,30,3,Furnished,1,6554957.0
268,H0269,Banglore,646.0,6,1,40,1,Furnished,15,2811276.0
269,H0270,Banglore,2882.0,4,5,38,2,Semi-Furnished,28,5228688.0
270,H0271,Delhi,2371.0,2,2,13,0,Furnished,38,4969183.0
271,H0272,Mumbai,4880.0,5,1,38,0,Unfurnished,7,7311700.0
272,H0273,Banglore,2183.0,6,1,19,3,Unfurnished,7,5090183.0
273,H0274,Banglore,1464.0,3,1,6,3,Unfurnished,13,3091252.0
274,H0275,Mumbai,2201.0,6,4,21,1,Furnished,1,5039568.0
275,H0276,Mumbai,1329.0,3,2,29,2,Furnished,17,3106630.0
276,H0277,Delhi,3989.0,6,1,6,0,Semi-Furnished,1,7016917.0
277,H0278,Pune,3307.0,2,1,25,3,Unfurnished,30,4803437.0
278,H0279,Delhi,980.0,2,1,26,3,Unfurnished,37,4969183.0
279,H0280,Mumbai,2684.0,4,4,7,3,Semi-Furnished,29,3717205.0
280,H0281,Pune,2334.0,6,3,33,0,Semi-Furnished,28,5041451.0
281,H0282,Mumbai,947.0,1,2,32,3,Semi-Furnished,32,1629838.0
282,H0283,Mumbai,3601.0,4,2,5,3,Semi-Furnished,29,6296065.0
283,H0284,Hyderabad,3877.0,1,5,35,0,Unfurnished,6,5841794.0
284,H0285,Mumbai,2326.0,4,3,35,3,Furnished,24,4645714.0
285,H0286,Pune,2891.0,5,5,23,0,Furnished,3,5846329.0
286,H0287,Pune,1489.0,4,2,29,1,Furnished,22,3199800.0
287,H0288,Hyderabad,4630.0,2,4,0,0,Semi-Furnished,36,7229834.0
288,H0289,Pune,1551.0,1,4,38,2,Unfurnished,33,2819548.0
289,H0290,Hyderabad,4209.0,2,2,26,2,Unfurnished,36,6039959.0
290,H0291,Hyderabad,1586.0,6,2,32,2,Semi-Furnished,8,4212548.0
291,H0292,Delhi,4873.0,3,4,0,0,Furnished,2,7936971.0
292,H0293,Banglore,2552.0,2,1,18,1,Semi-Furnished,35,3691275.0
293,H0294,Pune,3685.0,2,5,18,0,Unfurnished,25,4969183.0
294,H0295,Pune,4129.0,2,3,37,1,Furnished,13,6078267.0
295,H0296,Banglore,832.0,4,3,35,2,Semi-Furnished,9,2622146.0
296,H0297,Banglore,916.0,6,5,19,3,Furnished,37,4051084.0
297,H0298,Delhi,4638.0,2,4,34,3,Furnished,6,6961975.0
298,H0299,Hyderabad,2684.0,5,1,7,2,Unfurnished,29,7155023.0
299,H0300,Banglore,1428.0,4,3,34,2,Unfurnished,2,4969183.0
300,H0301,Delhi,4709.0,1,1,10,0,Unfurnished,5,6396820.0
301,H0302,Mumbai,4065.0,6,1,9,0,Furnished,30,7135828.0
302,H0303,Mumbai,2618.0,4,4,28,3,Semi-Furnished,28,5053373.0
303,H0304,Hyderabad,872.0,6,1,22,0,Furnished,19,3197389.0
304,H0305,Delhi,1780.0,5,2,8,3,Semi-Furnished,35,4190307.0
305,H0306,Hyderabad,591.0,5,5,9,0,Unfurnished,3,3059474.0
306,H0307,Delhi,3316.0,2,4,32,1,Unfurnished,11,5197130.0
307,H0308,Mumbai,4996.0,4,5,4,2,Furnished,5,8343065.0
308,H0309,Pune,1319.0,3,5,4,1,Semi-Furnished,21,3797262.0
309,H0310,Pune,3091.0,4,2,0,2,Semi-Furnished,16,5561486.0
310,H0311,Banglore,3438.0,3,4,35,0,Furnished,12,5501555.0
311,H0312,Mumbai,652.0,5,1,37,3,Unfurnished,38,2295495.0
312,H0313,Hyderabad,3715.0,2,5,18,1,Furnished,30,6203465.0
313,H0314,Hyderabad,1858.0,5,2,28,1,Unfurnished,12,4483468.0
314,H0315,Delhi,4494.0,2,1,16,2,Unfurnished,15,6152687.0
315,H0316,Hyderabad,3154.0,1,5,40,2,Furnished,17,5120592.0
316,H0317,Pune,2684.0,4,2,33,3,Semi-Furnished,23,4688792.0
317,H0318,Banglore,4715.0,6,3,13,1,Unfurnished,12,8083001.0
318,H0319,Pune,4444.0,6,4,30,1,Furnished,38,7611878.0
319,H0320,Hyderabad,1703.0,1,2,16,1,Unfurnished,34,2938751.0
320,H0321,Pune,2274.0,4,5,30,3,Unfurnished,11,4753819.0
321,H0322,Pune,1873.0,6,3,29,0,Furnished,15,4729183.0
322,H0323,Hyderabad,1725.0,5,1,11,3,Unfurnished,40,3650932.0
323,H0324,Hyderabad,509.0,6,4,33,3,Semi-Furnished,24,2806348.0
324,H0325,Banglore,1300.0,4,2,16,3,Unfurnished,15,3112889.0
325,H0326,Pune,4780.0,1,5,0,3,Semi-Furnished,14,7247246.0
326,H0327,Hyderabad,3495.0,5,3,25,1,Semi-Furnished,27,6537923.0
327,H0328,Mumbai,3761.0,6,2,7,1,Furnished,29,6767854.0
328,H0329,Pune,926.0,2,4,40,0,Unfurnished,6,2233587.0
329,H0330,Delhi,2684.0,4,5,33,2,Unfurnished,39,6062854.0
330,H0331,Mumbai,2684.0,1,5,32,1,Semi-Furnished,40,3421715.0
331,H0332,Mumbai,3392.0,6,4,25,1,Furnished,34,6266512.0
332,H0333,Banglore,2765.0,2,5,12,3,Furnished,26,4622877.0
333,H0334,Hyderabad,4704.0,3,5,36,2,Semi-Furnished,29,7385197.0
334,H0335,Delhi,724.0,4,1,16,0,Semi-Furnished,25,2364887.0
335,H0336,Pune,2853.0,1,4,21,0,Semi-Furnished,36,4320755.0
336,H0337,Delhi,2057.0,4,2,15,1,Furnished,17,4150223.0
337,H0338,Pune,1142.0,6,4,39,0,Semi-Furnished,35,3449716.0
338,H0339,Mumbai,4520.0,2,5,17,3,Unfurnished,15,6863475.0
339,H0340,Mumbai,1931.0,4,1,33,3,Unfurnished,21,3441027.0
340,H0341,Banglore,4993.0,3,2,17,3,Furnished,40,7381362.0
341,H0342,Mumbai,2790.0,4,2,36,1,Unfurnished,37,4742669.0
342,H0343,Hyderabad,1725.0,4,1,11,3,Unfurnished,32,3491003.0
343,H0344,Mumbai,3763.0,1,2,3,1,Semi-Furnished,17,5700287.0
344,H0345,Hyderabad,3319.0,1,4,7,2,Unfurnished,39,5026422.0
345,H0346,Pune,4681.0,4,4,5,3,Unfurnished,40,7667641.0
346,H0347,Banglore,3815.0,1,1,10,2,Unfurnished,15,5381709.0
347,H0348,Delhi,3475.0,6,5,33,3,Furnished,27,6630445.0
348,H0349,Banglore,2225.0,2,4,6,0,Furnished,5,4481171.0
349,H0350,Pune,1190.0,6,4,19,1,Unfurnished,16,4055979.0
350,H0351,Delhi,3164.0,4,4,34,2,Unfurnished,36,5743253.0
352,H0353,Banglore,1616.0,3,3,30,0,Furnished,32,3529441.0
353,H0354,Pune,2044.0,4,5,27,3,Semi-Furnished,16,4424000.0
354,H0355,Delhi,2727.0,3,5,17,3,Furnished,13,4959189.0
355,H0356,Delhi,2038.0,3,1,9,0,Furnished,35,3453805.0
356,H0357,Banglore,2684.0,4,2,21,3,Semi-Furnished,20,2656605.0
357,H0358,Banglore,2683.0,4,1,34,3,Semi-Furnished,12,4571128.0
358,H0359,Delhi,4128.0,2,1,12,3,Semi-Furnished,7,6295053.0
359,H0360,Mumbai,4767.0,1,3,30,2,Unfurnished,13,6683334.0
360,H0361,Hyderabad,2761.0,5,1,25,1,Unfurnished,1,4952233.0
361,H0362,Delhi,1248.0,6,5,21,0,Unfurnished,4,4390387.0
362,H0363,Banglore,3345.0,4,2,1,3,Furnished,23,5730276.0
363,H0364,Delhi,2028.0,5,3,20,3,Furnished,18,4875056.0
364,H0365,Banglore,4644.0,4,2,1,2,Unfurnished,40,7313185.0
365,H0366,Mumbai,2819.0,3,4,20,0,Furnished,7,5396415.0
366,H0367,Mumbai,1308.0,1,5,24,3,Semi-Furnished,34,4969183.0
367,H0368,Hyderabad,1155.0,4,1,23,3,Semi-Furnished,24,2647132.0
368,H0369,Hyderabad,4755.0,1,1,14,3,Unfurnished,13,6353500.0
369,H0370,Delhi,1364.0,6,5,22,3,Furnished,28,4135959.0
370,H0371,Banglore,3386.0,3,5,20,2,Unfurnished,27,6029704.0
371,H0372,Hyderabad,3449.0,4,4,25,0,Furnished,3,6172101.0
372,H0373,Pune,3079.0,1,3,35,1,Semi-Furnished,7,4299369.0
373,H0374,Pune,2960.0,1,5,25,1,Furnished,5,4867464.0
374,H0375,Banglore,2960.0,1,5,24,0,Semi-Furnished,4,4892632.0
375,H0376,Banglore,593.0,6,4,3,2,Unfurnished,34,3154782.0
376,H0377,Banglore,3718.0,4,5,36,0,Semi-Furnished,15,6629517.0
377,H0378,Pune,2650.0,1,4,32,3,Unfurnished,9,4056422.0
378,H0379,Hyderabad,4794.0,2,2,4,2,Furnished,28,7011921.0
379,H0380,Pune,698.0,3,2,22,3,Furnished,40,1970501.0
380,H0381,Banglore,1202.0,1,1,15,1,Unfurnished,19,1861800.0
381,H0382,Hyderabad,2235.0,2,5,33,2,Unfurnished,36,4228489.0
382,H0383,Mumbai,4815.0,1,3,10,0,Semi-Furnished,19,6743445.0
383,H0384,Hyderabad,3450.0,1,1,18,3,Unfurnished,15,4934194.0
384,H0385,Banglore,4601.0,4,5,1,0,Semi-Furnished,16,4969183.0
385,H0386,Mumbai,2976.0,2,5,17,0,Unfurnished,17,5272177.0
386,H0387,Hyderabad,3631.0,5,5,40,1,Furnished,27,6524236.0
387,H0388,Delhi,1635.0,5,5,12,1,Semi-Furnished,20,4741249.0
388,H0389,Delhi,3100.0,1,5,34,0,Unfurnished,12,4903025.0
389,H0390,Hyderabad,2742.0,2,2,6,1,Unfurnished,12,4297870.0
390,H0391,Pune,3443.0,1,4,8,3,Semi-Furnished,24,5224513.0
391,H0392,Pune,2710.0,4,2,12,1,Unfurnished,5,4992679.0
392,H0393,Hyderabad,842.0,5,4,20,3,Unfurnished,40,3510116.0
393,H0394,Pune,847.0,2,5,34,3,Unfurnished,3,2796191.0
394,H0395,Hyderabad,2842.0,4,2,27,2,Furnished,40,4697596.0
395,H0396,Delhi,4976.0,2,4,26,2,Semi-Furnished,29,6992322.0
396,H0397,Mumbai,1843.0,6,1,5,0,Unfurnished,29,4547173.0
397,H0398,Delhi,3617.0,1,2,21,1,Unfurnished,11,5027031.0
398,H0399,Pune,2684.0,2,2,0,2,Semi-Furnished,1,3331521.0
399,H0400,Delhi,4397.0,4,4,28,0,Unfurnished,39,6808292.0
400,H0401,Banglore,951.0,6,3,2,1,Furnished,3,3869138.0
401,H0402,Banglore,1953.0,4,5,23,0,Semi-Furnished,6,4547433.0
402,H0403,Hyderabad,4356.0,2,1,17,2,Furnished,34,6271056.0
403,H0404,Banglore,1218.0,4,5,18,3,Unfurnished,39,3568462.0
404,H0405,Mumbai,4577.0,4,2,39,1,Furnished,19,6910357.0
406,H0407,Banglore,3230.0,3,4,36,0,Semi-Furnished,12,5359440.0
407,H0408,Mumbai,1772.0,6,4,34,2,Unfurnished,30,4670461.0
408,H0409,Pune,3217.0,3,1,9,2,Unfurnished,2,5366027.0
409,H0410,Pune,3025.0,6,3,2,2,Furnished,27,6016014.0
410,H0411,Pune,3565.0,1,2,5,3,Unfurnished,33,4889146.0
411,H0412,Pune,3181.0,2,1,33,1,Semi-Furnished,14,4969183.0
412,H0413,Mumbai,1213.0,3,4,2,0,Unfurnished,34,3293259.0
413,H0414,Mumbai,4860.0,3,4,7,2,Furnished,10,7577146.0
414,H0415,Mumbai,2820.0,5,2,10,0,Semi-Furnished,20,5539193.0
415,H0416,Banglore,3993.0,4,2,38,3,Semi-Furnished,40,6284499.0
416,H0417,Banglore,4314.0,5,2,5,3,Unfurnished,7,7569514.0
417,H0418,Mumbai,2613.0,3,4,11,2,Furnished,21,5095901.0
418,H0419,Mumbai,1543.0,5,1,25,0,Semi-Furnished,21,3929765.0
419,H0420,Pune,4451.0,4,1,21,1,Unfurnished,38,6943291.0
420,H0421,Mumbai,4486.0,1,5,38,3,Semi-Furnished,21,6730251.0
421,H0422,Hyderabad,3604.0,3,4,3,0,Unfurnished,14,6070464.0
422,H0423,Pune,4163.0,2,2,20,2,Unfurnished,37,6029943.0
423,H0424,Mumbai,3811.0,2,3,3,2,Unfurnished,36,5668908.0
424,H0425,Pune,4036.0,6,5,25,2,Semi-Furnished,25,7643956.0
425,H0426,Banglore,3451.0,4,2,18,1,Unfurnished,9,5628366.0
427,H0428,Mumbai,4580.0,6,2,32,2,Semi-Furnished,27,7913696.0
428,H0429,Hyderabad,1155.0,2,5,17,3,Unfurnished,34,2678034.0
429,H0430,Mumbai,4917.0,5,3,39,0,Semi-Furnished,22,8111423.0
430,H0431,Mumbai,2913.0,3,2,2,2,Unfurnished,37,4963694.0
431,H0432,Banglore,723.0,3,4,5,1,Semi-Furnished,33,2433195.0
432,H0433,Delhi,1930.0,5,2,28,2,Semi-Furnished,12,4969183.0
433,H0434,Delhi,1762.0,4,4,24,1,Unfurnished,29,3904809.0
434,H0435,Delhi,1872.0,4,4,30,2,Semi-Furnished,31,4349788.0
435,H0436,Banglore,2865.0,4,4,20,0,Semi-Furnished,7,5760101.0
437,H0438,Delhi,1056.0,1,4,6,0,Unfurnished,29,4969183.0
438,H0439,Pune,2276.0,5,1,7,0,Unfurnished,39,4452417.0
439,H0440,Pune,2009.0,3,3,29,0,Unfurnished,30,3810609.0
440,H0441,Mumbai,1011.0,4,4,21,0,Semi-Furnished,17,3195721.0
441,H0442,Mumbai,4032.0,2,5,6,3,Furnished,17,6351704.0
442,H0443,Hyderabad,507.0,1,4,17,1,Furnished,22,1838739.0
443,H0444,Hyderabad,1074.0,5,2,0,3,Unfurnished,31,3260891.0
444,H0445,Delhi,1242.0,3,5,21,0,Furnished,30,3284443.0
445,H0446,Delhi,1374.0,6,3,31,0,Furnished,29,3842467.0
446,H0447,Banglore,4928.0,6,3,31,3,Furnished,2,8082442.0
447,H0448,Delhi,4785.0,4,5,9,1,Semi-Furnished,5,7815669.0
448,H0449,Pune,1569.0,1,2,40,0,Unfurnished,20,2284818.0
449,H0450,Mumbai,2306.0,1,2,27,2,Unfurnished,26,3507184.0
450,H0451,Delhi,1920.0,3,1,7,2,Unfurnished,10,3869320.0
451,H0452,Delhi,3581.0,2,1,31,0,Furnished,1,4939774.0
452,H0453,Pune,4399.0,6,2,13,1,Semi-Furnished,18,7907296.0
453,H0454,Delhi,1221.0,6,3,22,3,Furnished,1,4275001.0
454,H0455,Delhi,4921.0,5,2,29,1,Furnished,18,7580846.0
455,H0456,Banglore,853.0,1,3,18,1,Unfurnished,28,4969183.0
456,H0457,Pune,1940.0,2,1,31,0,Unfurnished,5,3189729.0
457,H0458,Pune,1402.0,3,2,6,1,Furnished,27,3097068.0
458,H0459,Banglore,4227.0,2,4,23,1,Semi-Furnished,30,6295986.0
459,H0460,Hyderabad,4313.0,4,4,10,2,Furnished,15,7310099.0
460,H0461,Banglore,2381.0,1,4,33,3,Semi-Furnished,14,4053689.0
461,H0462,Hyderabad,1720.0,5,1,26,0,Furnished,3,4132515.0
462,H0463,Delhi,4557.0,2,1,35,0,Semi-Furnished,27,6161996.0
463,H0464,Pune,4262.0,5,5,1,3,Furnished,30,7549757.0
464,H0465,Banglore,1079.0,4,3,33,0,Unfurnished,19,3166390.0
465,H0466,Pune,2684.0,6,1,32,2,Semi-Furnished,4,5826356.0
466,H0467,Delhi,2177.0,2,3,15,0,Semi-Furnished,31,3777384.0
467,H0468,Hyderabad,3328.0,4,4,32,0,Semi-Furnished,31,6076342.0
468,H0469,Banglore,1037.0,2,4,5,0,Furnished,26,2651897.0
469,H0470,Pune,4765.0,6,1,18,3,Semi-Furnished,35,4969183.0
470,H0471,Hyderabad,2403.0,5,3,26,2,Unfurnished,21,5178363.0
471,H0472,Mumbai,3010.0,2,3,14,3,Furnished,24,4904143.0
472,H0473,Mumbai,2836.0,2,2,9,1,Semi-Furnished,16,4455796.0
473,H0474,Hyderabad,2684.0,3,2,23,3,Semi-Furnished,35,4880695.0
474,H0475,Banglore,3123.0,2,1,34,2,Unfurnished,19,4759531.0
475,H0476,Banglore,1420.0,6,4,2,1,Furnished,36,4226553.0
476,H0477,Mumbai,2098.0,5,5,14,2,Unfurnished,13,4786243.0
477,H0478,Delhi,4517.0,3,5,38,0,Unfurnished,24,7187269.0
478,H0479,Banglore,4150.0,5,1,13,3,Furnished,27,7028999.0
479,H0480,Mumbai,1205.0,2,2,19,3,Unfurnished,34,2537709.0
480,H0481,Banglore,4285.0,6,5,8,1,Unfurnished,12,8152314.0
481,H0482,Pune,4296.0,2,1,0,1,Furnished,17,6334950.0
482,H0483,Hyderabad,2504.0,1,1,17,3,Semi-Furnished,5,3839132.0
483,H0484,Hyderabad,1479.0,3,5,36,0,Furnished,17,3350557.0
484,H0485,Mumbai,3458.0,4,3,3,2,Unfurnished,19,6429938.0
485,H0486,Hyderabad,2684.0,3,3,17,2,Semi-Furnished,7,5675780.0
486,H0487,Delhi,3287.0,2,1,13,1,Unfurnished,33,4831254.0
487,H0488,Pune,1433.0,4,4,4,0,Semi-Furnished,9,3652823.0
488,H0489,Delhi,3302.0,2,3,1,0,Unfurnished,15,5262366.0
489,H0490,Mumbai,1415.0,1,1,30,3,Furnished,3,2238888.0
490,H0491,Hyderabad,1042.0,3,1,6,0,Furnished,39,2460778.0
491,H0492,Mumbai,3349.0,3,2,32,1,Furnished,33,5531735.0
492,H0493,Banglore,1907.0,5,1,6,1,Unfurnished,33,4411175.0
493,H0494,Banglore,3609.0,4,2,32,1,Furnished,27,5694127.0
494,H0495,Pune,832.0,1,3,31,0,Unfurnished,25,1810788.0
495,H0496,Pune,4005.0,2,1,30,2,Unfurnished,12,5409406.0
496,H0497,Delhi,3781.0,6,5,6,1,Semi-Furnished,5,7583577.0
497,H0498,Pune,4588.0,3,5,37,2,Unfurnished,26,7228995.0
498,H0499,Mumbai,1385.0,1,3,31,3,Furnished,15,2368147.0
499,H0500,Pune,3178.0,2,3,39,0,Semi-Furnished,5,5193805.0
500,H0501,Pune,4928.0,5,1,2,3,Semi-Furnished,8,4969183.0
501,H0502,Pune,2982.0,6,2,31,3,Semi-Furnished,9,5851037.0
502,H0503,Pune,4348.0,4,5,10,0,Unfurnished,26,7413785.0
503,H0504,Banglore,730.0,5,1,8,2,Semi-Furnished,23,2559206.0
504,H0505,Mumbai,2528.0,2,3,37,0,Semi-Furnished,5,4969183.0
505,H0506,Banglore,4716.0,4,3,1,3,Semi-Furnished,38,7332516.0
506,H0507,Banglore,2186.0,3,4,32,2,Semi-Furnished,11,4262270.0
507,H0508,Delhi,2253.0,3,3,3,2,Unfurnished,37,4460156.0
508,H0509,Mumbai,1051.0,5,5,30,3,Unfurnished,14,3705387.0
509,H0510,Mumbai,3894.0,4,3,39,3,Unfurnished,36,6142173.0
510,H0511,Hyderabad,4328.0,3,5,39,3,Furnished,37,6531390.0
511,H0512,Banglore,4066.0,4,3,4,1,Unfurnished,27,6834101.0
512,H0513,Pune,726.0,2,3,29,3,Unfurnished,36,2108518.0
513,H0514,Mumbai,2775.0,6,5,11,0,Furnished,32,5830875.0
514,H0515,Mumbai,1239.0,4,2,15,0,Unfurnished,37,3376348.0
515,H0516,Delhi,1239.0,2,5,7,2,Semi-Furnished,22,3265692.0
516,H0517,Pune,958.0,4,5,23,0,Semi-Furnished,21,3536855.0
517,H0518,Banglore,3512.0,3,1,38,0,Unfurnished,4,5315718.0
518,H0519,Banglore,4881.0,2,4,24,0,Furnished,26,7155146.0
519,H0520,Pune,4095.0,6,3,26,0,Semi-Furnished,18,7097985.0
520,H0521,Hyderabad,1322.0,2,3,32,0,Unfurnished,23,2842714.0
521,H0522,Banglore,2005.0,6,4,8,0,Semi-Furnished,26,5005794.0
522,H0523,Banglore,1565.0,5,4,20,3,Furnished,31,3962995.0
523,H0524,Hyderabad,1990.0,4,4,36,1,Unfurnished,2,4042085.0
524,H0525,Delhi,1882.0,1,4,39,3,Furnished,39,3046195.0
525,H0526,Banglore,4216.0,6,4,7,1,Semi-Furnished,14,7719000.0
526,H0527,Mumbai,2818.0,6,2,26,1,Semi-Furnished,27,5439632.0
527,H0528,Delhi,4253.0,1,1,30,1,Unfurnished,21,5765466.0
528,H0529,Mumbai,926.0,3,2,30,2,Semi-Furnished,39,2063922.0
529,H0530,Banglore,836.0,5,2,16,1,Semi-Furnished,33,3194980.0
530,H0531,Banglore,861.0,2,4,17,2,Unfurnished,28,2419868.0
531,H0532,Delhi,2684.0,2,5,40,3,Furnished,4,6756896.0
532,H0533,Mumbai,4554.0,1,4,22,3,Unfurnished,30,6711735.0
533,H0534,Hyderabad,1878.0,6,5,17,1,Unfurnished,38,4647926.0
534,H0535,Banglore,3192.0,1,3,7,3,Furnished,24,4701622.0
535,H0536,Delhi,547.0,3,1,39,3,Furnished,21,2008205.0
536,H0537,Delhi,4982.0,5,4,5,3,Semi-Furnished,17,8330057.0
537,H0538,Banglore,1762.0,1,3,31,3,Unfurnished,20,2792064.0
538,H0539,Hyderabad,2699.0,5,5,27,0,Furnished,28,4969183.0
539,H0540,Pune,2336.0,6,2,31,0,Furnished,19,5189163.0
540,H0541,Mumbai,2536.0,5,4,18,0,Unfurnished,36,5063450.0
541,H0542,Mumbai,2575.0,3,3,37,0,Unfurnished,33,4122058.0
542,H0543,Banglore,2938.0,3,5,29,3,Furnished,40,5163550.0
543,H0544,Delhi,4053.0,5,1,0,3,Unfurnished,8,6687550.0
544,H0545,Mumbai,4487.0,3,5,39,2,Furnished,26,7031758.0
545,H0546,Delhi,719.0,2,4,9,1,Furnished,28,2597544.0
547,H0548,Pune,4037.0,4,4,37,2,Semi-Furnished,3,6970577.0
548,H0549,Hyderabad,2399.0,6,1,33,0,Furnished,28,4889992.0
549,H0550,Pune,3340.0,4,4,1,1,Semi-Furnished,19,6104537.0
550,H0551,Delhi,4337.0,2,3,24,3,Unfurnished,24,6589668.0
551,H0552,Delhi,1780.0,5,4,6,3,Furnished,32,4534402.0
552,H0553,Hyderabad,1931.0,5,1,4,2,Furnished,28,4106705.0
553,H0554,Pune,882.0,5,3,9,0,Furnished,4,3557494.0
554,H0555,Delhi,843.0,5,1,10,0,Unfurnished,14,3070805.0
555,H0556,Mumbai,3479.0,3,2,7,1,Furnished,29,5795745.0
556,H0557,Pune,3899.0,3,2,9,3,Semi-Furnished,15,6058497.0
557,H0558,Banglore,743.0,4,2,0,0,Semi-Furnished,6,2916337.0
558,H0559,Hyderabad,1736.0,5,1,40,2,Semi-Furnished,27,3819730.0
559,H0560,Banglore,1703.0,6,4,28,1,Unfurnished,35,4652221.0
560,H0561,Hyderabad,1532.0,5,5,18,1,Semi-Furnished,6,4614926.0
561,H0562,Banglore,2619.0,2,3,27,0,Unfurnished,4,4493896.0
562,H0563,Banglore,542.0,4,3,15,1,Unfurnished,23,2549135.0
563,H0564,Mumbai,2528.0,1,3,33,1,Furnished,24,4009978.0
564,H0565,Hyderabad,4401.0,2,4,4,2,Unfurnished,34,6893517.0
565,H0566,Delhi,4105.0,6,4,26,1,Semi-Furnished,10,7746354.0
566,H0567,Mumbai,2241.0,4,4,2,1,Unfurnished,36,4876472.0
567,H0568,Mumbai,1464.0,3,3,23,2,Furnished,19,4969183.0
568,H0569,Mumbai,2266.0,2,4,0,0,Furnished,36,4304784.0
569,H0570,Pune,4393.0,6,5,8,1,Unfurnished,33,8259926.0
570,H0571,Pune,3855.0,4,2,25,2,Unfurnished,35,5949045.0
572,H0573,Mumbai,4856.0,2,1,17,1,Unfurnished,16,4969183.0
573,H0574,Mumbai,4080.0,2,4,1,2,Furnished,25,6430670.0
574,H0575,Delhi,1763.0,3,4,10,0,Furnished,40,3856692.0
575,H0576,Pune,2612.0,4,1,3,1,Unfurnished,16,4822378.0
576,H0577,Banglore,3834.0,1,4,1,3,Unfurnished,15,5635327.0
577,H0578,Delhi,2995.0,5,4,28,0,Semi-Furnished,33,5662340.0
578,H0579,Mumbai,4200.0,1,1,29,2,Semi-Furnished,11,5345569.0
579,H0580,Hyderabad,2242.0,5,5,18,0,Furnished,11,5465433.0
580,H0581,Pune,2789.0,4,2,39,2,Semi-Furnished,22,4820856.0
581,H0582,Delhi,630.0,6,2,0,3,Semi-Furnished,1,3061043.0
582,H0583,Hyderabad,1135.0,5,1,28,0,Semi-Furnished,23,3211659.0
583,H0584,Banglore,3534.0,2,4,0,1,Furnished,2,5925590.0
584,H0585,Mumbai,4545.0,3,1,17,3,Furnished,39,6558242.0
585,H0586,Mumbai,1896.0,5,2,36,1,Furnished,5,4024676.0
586,H0587,Mumbai,2071.0,6,1,34,2,Semi-Furnished,36,4591176.0
587,H0588,Hyderabad,3833.0,3,1,33,3,Furnished,32,5738630.0
588,H0589,Delhi,542.0,4,2,21,0,Unfurnished,37,1982004.0
589,H0590,Banglore,1292.0,1,4,27,0,Furnished,38,2540941.0
590,H0591,Hyderabad,2439.0,1,5,39,3,Furnished,7,4969183.0
591,H0592,Mumbai,1032.0,2,1,28,0,Furnished,20,2261216.0
592,H0593,Pune,3867.0,2,5,39,0,Semi-Furnished,30,6052969.0
593,H0594,Mumbai,4219.0,5,3,37,1,Unfurnished,7,6915477.0
594,H0595,Delhi,2684.0,3,3,26,3,Furnished,40,7157822.0
595,H0596,Banglore,3430.0,3,5,34,1,Unfurnished,10,4969183.0
596,H0597,Delhi,969.0,2,5,35,0,Furnished,28,2583317.0
597,H0598,Pune,4328.0,5,3,37,2,Semi-Furnished,40,7087786.0
598,H0599,Delhi,530.0,6,2,14,3,Semi-Furnished,40,2819491.0
599,H0600,Hyderabad,2009.0,1,3,0,0,Furnished,23,3277275.0
600,H0601,Delhi,743.0,2,2,18,1,Semi-Furnished,15,2011325.0
601,H0602,Banglore,1328.0,1,2,24,0,Semi-Furnished,22,2264049.0
602,H0603,Delhi,4053.0,6,1,7,1,Unfurnished,9,7097453.0
603,H0604,Delhi,878.0,5,5,12,2,Furnished,10,3677198.0
604,H0605,Pune,4505.0,2,1,30,0,Unfurnished,11,6534320.0
605,H0606,Mumbai,4804.0,6,4,31,3,Unfurnished,18,8385222.0
606,H0607,Mumbai,3981.0,4,5,10,2,Furnished,17,7319495.0
607,H0608,Pune,4696.0,5,3,27,3,Semi-Furnished,30,7818715.0
608,H0609,Mumbai,2684.0,3,1,18,0,Furnished,18,2564004.0
609,H0610,Mumbai,2979.0,6,3,12,1,Semi-Furnished,35,6003620.0
610,H0611,Delhi,597.0,4,5,9,3,Semi-Furnished,15,2939349.0
611,H0612,Pune,2684.0,1,3,12,3,Semi-Furnished,27,4862765.0
612,H0613,Pune,579.0,4,3,21,1,Unfurnished,27,4969183.0
613,H0614,Pune,1759.0,3,5,40,3,Furnished,25,3649924.0
614,H0615,Mumbai,2995.0,1,2,6,1,Furnished,3,4831348.0
615,H0616,Delhi,4795.0,1,4,3,2,Semi-Furnished,34,6665583.0
616,H0617,Banglore,4417.0,6,1,24,1,Semi-Furnished,9,7381067.0
617,H0618,Pune,2162.0,5,4,17,1,Furnished,1,4869023.0
618,H0619,Pune,4521.0,4,4,36,0,Semi-Furnished,6,7337097.0
619,H0620,Delhi,1934.0,4,2,11,3,Unfurnished,30,4164150.0
620,H0621,Pune,2742.0,6,5,18,0,Unfurnished,14,6307859.0
621,H0622,Pune,3859.0,4,2,16,1,Furnished,33,6052603.0
622,H0623,Banglore,2092.0,4,1,0,2,Unfurnished,8,4163510.0
623,H0624,Hyderabad,4085.0,2,4,17,1,Furnished,11,6095943.0
624,H0625,Mumbai,591.0,6,3,9,3,Unfurnished,23,4969183.0
625,H0626,Mumbai,1342.0,4,3,28,0,Semi-Furnished,39,2990292.0
626,H0627,Mumbai,3954.0,1,1,21,1,Unfurnished,5,5391082.0
627,H0628,Delhi,2052.0,5,2,34,3,Furnished,28,4969183.0
628,H0629,Mumbai,2242.0,4,2,4,2,Furnished,40,4537303.0
629,H0630,Pune,4892.0,5,2,16,0,Unfurnished,39,7855510.0
630,H0631,Pune,3104.0,6,4,4,2,Unfurnished,2,6745517.0
631,H0632,Mumbai,1516.0,3,2,27,1,Furnished,40,2832446.0
632,H0633,Hyderabad,4135.0,6,3,8,2,Semi-Furnished,21,4969183.0
633,H0634,Hyderabad,2484.0,2,5,3,1,Semi-Furnished,15,4825816.0
634,H0635,Hyderabad,926.0,6,2,13,1,Unfurnished,6,3433312.0
635,H0636,Banglore,3051.0,2,2,15,3,Semi-Furnished,12,4812263.0
637,H0638,Banglore,3624.0,4,1,19,1,Semi-Furnished,36,5713034.0
638,H0639,Mumbai,1619.0,6,4,12,1,Unfurnished,13,4362183.0
639,H0640,Mumbai,3556.0,4,4,19,0,Semi-Furnished,27,5982912.0
640,H0641,Pune,3355.0,5,4,40,2,Unfurnished,4,6310051.0
641,H0642,Delhi,731.0,6,2,16,3,Unfurnished,10,3233840.0
642,H0643,Pune,3648.0,4,5,5,1,Semi-Furnished,28,6511478.0
644,H0645,Delhi,1072.0,6,4,33,3,Furnished,19,3913283.0
645,H0646,Delhi,4191.0,5,2,11,1,Semi-Furnished,4,7090805.0
646,H0647,Mumbai,1860.0,1,3,5,3,Semi-Furnished,8,3382206.0
647,H0648,Mumbai,559.0,6,5,2,0,Semi-Furnished,14,3878507.0
648,H0649,Delhi,3260.0,5,4,21,2,Semi-Furnished,22,6222536.0
649,H0650,Hyderabad,1320.0,1,4,25,1,Semi-Furnished,2,2552864.0
650,H0651,Banglore,4392.0,5,4,12,0,Furnished,21,7362838.0
651,H0652,Hyderabad,1166.0,3,4,30,0,Furnished,25,2982337.0
652,H0653,Delhi,760.0,2,4,5,2,Semi-Furnished,36,2571478.0
653,H0654,Banglore,1232.0,1,4,1,1,Furnished,21,2865518.0
654,H0655,Banglore,4878.0,6,4,5,2,Semi-Furnished,15,8396408.0
655,H0656,Mumbai,4079.0,2,2,16,0,Furnished,19,5831739.0
656,H0657,Hyderabad,1543.0,3,4,36,0,Unfurnished,20,3156491.0
657,H0658,Mumbai,1534.0,5,5,37,1,Unfurnished,7,4300315.0
658,H0659,Banglore,4233.0,2,5,18,1,Unfurnished,3,6770290.0
659,H0660,Delhi,2267.0,4,3,24,0,Unfurnished,22,4380519.0
660,H0661,Pune,4493.0,6,4,19,1,Semi-Furnished,2,8366159.0
661,H0662,Banglore,2818.0,3,2,35,3,Unfurnished,7,4533859.0
662,H0663,Delhi,1626.0,4,4,18,1,Unfurnished,14,3929932.0
663,H0664,Pune,1709.0,4,4,10,0,Furnished,7,4288656.0
664,H0665,Pune,1717.0,6,4,15,0,Semi-Furnished,8,4722955.0
665,H0666,Mumbai,1234.0,4,4,17,3,Furnished,24,3202966.0
666,H0667,Pune,4428.0,3,1,37,1,Semi-Furnished,25,6576311.0
667,H0668,Hyderabad,2014.0,4,1,25,3,Unfurnished,5,4235907.0
668,H0669,Mumbai,1461.0,2,5,11,0,Furnished,36,3482157.0
669,H0670,Delhi,2684.0,1,5,19,2,Unfurnished,35,2496538.0
670,H0671,Banglore,4875.0,4,2,36,3,Unfurnished,21,7633055.0
671,H0672,Delhi,2040.0,2,3,13,1,Unfurnished,39,3951888.0
672,H0673,Pune,3627.0,6,2,25,3,Unfurnished,6,6638926.0
673,H0674,Banglore,2078.0,6,3,36,1,Semi-Furnished,27,4609547.0
674,H0675,Banglore,4992.0,4,1,21,0,Furnished,24,4969183.0
675,H0676,Mumbai,3601.0,1,1,11,2,Unfurnished,38,5184602.0
676,H0677,Hyderabad,892.0,2,3,24,1,Unfurnished,23,2522909.0
677,H0678,Mumbai,1773.0,6,2,9,3,Unfurnished,37,4432957.0
678,H0679,Banglore,4250.0,2,4,22,3,Semi-Furnished,33,6415752.0
679,H0680,Delhi,1212.0,3,4,20,0,Furnished,6,3004818.0
681,H0682,Hyderabad,3981.0,6,5,22,1,Semi-Furnished,34,7181613.0
682,H0683,Pune,1115.0,3,2,32,2,Semi-Furnished,4,2841256.0
683,H0684,Mumbai,1465.0,3,3,30,2,Unfurnished,17,3146415.0
684,H0685,Mumbai,4723.0,1,4,39,3,Unfurnished,4,6730624.0
685,H0686,Mumbai,3793.0,3,1,6,3,Unfurnished,32,5788740.0
686,H0687,Pune,2549.0,2,4,25,2,Furnished,20,4491001.0
687,H0688,Banglore,1645.0,3,4,0,2,Semi-Furnished,13,3725041.0
688,H0689,Pune,4426.0,6,3,7,3,Unfurnished,32,8108046.0
689,H0690,Mumbai,3685.0,2,1,6,0,Unfurnished,9,5430097.0
690,H0691,Pune,565.0,4,4,18,2,Furnished,32,2424627.0
691,H0692,Hyderabad,2658.0,6,2,27,1,Unfurnished,31,5172671.0
692,H0693,Mumbai,1583.0,4,1,17,1,Unfurnished,10,3676611.0
693,H0694,Mumbai,2395.0,2,3,27,3,Unfurnished,4,4368630.0
694,H0695,Delhi,3120.0,1,2,2,0,Semi-Furnished,4,4841263.0
695,H0696,Delhi,3478.0,3,3,7,0,Semi-Furnished,1,6227170.0
696,H0697,Delhi,2451.0,6,3,13,3,Unfurnished,6,5342732.0
697,H0698,Banglore,2060.0,2,4,6,0,Unfurnished,35,3996554.0
698,H0699,Banglore,3925.0,5,3,35,2,Semi-Furnished,24,6860267.0
699,H0700,Delhi,2745.0,6,2,18,0,Unfurnished,37,5292746.0
700,H0701,Mumbai,4086.0,5,4,35,3,Furnished,26,4969183.0
701,H0702,Banglore,4627.0,6,5,16,2,Unfurnished,15,8378159.0
702,H0703,Mumbai,2775.0,2,3,3,1,Furnished,14,5040563.0
703,H0704,Mumbai,4999.0,3,2,26,2,Semi-Furnished,21,7093845.0
704,H0705,Banglore,1371.0,6,4,16,1,Semi-Furnished,29,4171556.0
705,H0706,Pune,4054.0,3,2,30,0,Furnished,32,5995130.0
706,H0707,Mumbai,2810.0,1,3,10,1,Furnished,26,4288972.0
707,H0708,Mumbai,4815.0,2,1,38,0,Furnished,25,6625643.0
708,H0709,Hyderabad,1184.0,3,2,40,0,Unfurnished,1,2527304.0
709,H0710,Mumbai,4139.0,2,3,21,3,Unfurnished,10,6212452.0
710,H0711,Mumbai,2930.0,1,5,26,1,Furnished,1,4736208.0
711,H0712,Mumbai,3651.0,6,1,31,1,Semi-Furnished,8,6416628.0
712,H0713,Hyderabad,855.0,5,2,11,3,Furnished,34,3097109.0
713,H0714,Mumbai,3353.0,1,3,31,2,Furnished,17,4658679.0
714,H0715,Mumbai,4419.0,1,1,36,3,Semi-Furnished,18,5654495.0
715,H0716,Hyderabad,3891.0,5,3,8,1,Semi-Furnished,25,7053196.0
716,H0717,Mumbai,2684.0,5,5,14,0,Furnished,16,7355279.0
717,H0718,Hyderabad,988.0,3,3,8,2,Semi-Furnished,30,2656741.0
718,H0719,Hyderabad,1672.0,4,1,27,2,Furnished,4,3377559.0
719,H0720,Pune,2507.0,1,1,36,3,Unfurnished,10,3439685.0
720,H0721,Mumbai,4137.0,6,1,18,0,Unfurnished,10,4969183.0
721,H0722,Delhi,4221.0,5,3,36,2,Semi-Furnished,15,7224450.0
722,H0723,Banglore,958.0,2,4,11,0,Unfurnished,30,2790207.0
723,H0724,Mumbai,2095.0,3,1,6,0,Furnished,24,3935767.0
724,H0725,Mumbai,3032.0,2,5,12,0,Unfurnished,16,5270643.0
725,H0726,Banglore,3028.0,1,3,18,3,Semi-Furnished,33,4442950.0
726,H0727,Pune,2684.0,1,5,9,0,Unfurnished,38,6920673.0
727,H0728,Hyderabad,1264.0,6,2,13,1,Unfurnished,11,4157786.0
728,H0729,Delhi,2882.0,3,5,27,0,Unfurnished,25,5164125.0
729,H0730,Pune,622.0,2,3,35,0,Semi-Furnished,32,1585085.0
730,H0731,Delhi,1082.0,2,4,16,3,Furnished,17,2916918.0
731,H0732,Pune,1556.0,4,3,32,2,Unfurnished,24,3364746.0
732,H0733,Banglore,967.0,6,2,35,0,Semi-Furnished,10,3170812.0
733,H0734,Delhi,1265.0,3,4,29,3,Unfurnished,7,2982991.0
734,H0735,Mumbai,1028.0,3,3,38,3,Semi-Furnished,14,2832952.0
735,H0736,Delhi,2684.0,5,4,3,2,Furnished,28,3533605.0
736,H0737,Banglore,1942.0,1,2,4,2,Unfurnished,26,3046078.0
737,H0738,Banglore,940.0,1,4,21,2,Semi-Furnished,11,2171252.0
738,H0739,Banglore,3687.0,1,5,38,1,Unfurnished,5,5421042.0
739,H0740,Banglore,1732.0,4,2,31,2,Unfurnished,8,3854527.0
740,H0741,Hyderabad,1298.0,1,2,12,3,Semi-Furnished,35,2236769.0
741,H0742,Pune,3533.0,3,1,19,2,Unfurnished,33,5265404.0
742,H0743,Hyderabad,3251.0,1,2,29,3,Unfurnished,24,4476688.0
743,H0744,Mumbai,2820.0,6,5,6,0,Unfurnished,7,6132992.0
744,H0745,Delhi,4138.0,5,5,2,2,Semi-Furnished,27,7482762.0
745,H0746,Banglore,4300.0,4,4,0,2,Semi-Furnished,15,7617216.0
746,H0747,Banglore,2478.0,1,4,2,0,Unfurnished,2,4204425.0
747,H0748,Delhi,2481.0,5,4,12,3,Unfurnished,4,5587146.0
749,H0750,Mumbai,1753.0,1,5,34,0,Unfurnished,37,3229580.0
750,H0751,Mumbai,2316.0,3,2,34,1,Semi-Furnished,25,4969183.0
751,H0752,Banglore,1408.0,4,5,7,0,Furnished,10,4015783.0
752,H0753,Pune,4522.0,1,4,4,3,Semi-Furnished,5,6681911.0
753,H0754,Banglore,1963.0,6,5,40,0,Semi-Furnished,8,4969183.0
754,H0755,Delhi,1496.0,2,5,1,0,Furnished,34,3701803.0
755,H0756,Hyderabad,1536.0,3,3,30,1,Unfurnished,6,3428684.0
756,H0757,Hyderabad,2081.0,3,2,12,2,Unfurnished,26,3755092.0
757,H0758,Pune,3971.0,5,3,20,0,Furnished,39,6921852.0
758,H0759,Mumbai,776.0,5,3,37,3,Semi-Furnished,19,3172467.0
759,H0760,Mumbai,2262.0,6,3,23,1,Semi-Furnished,21,4957644.0
760,H0761,Hyderabad,2405.0,5,1,24,2,Furnished,39,4523481.0
761,H0762,Delhi,1112.0,5,4,27,2,Furnished,21,3467175.0
762,H0763,Banglore,1901.0,5,3,37,3,Furnished,16,4003501.0
763,H0764,Mumbai,3799.0,1,5,33,0,Semi-Furnished,22,5385862.0
764,H0765,Pune,3779.0,1,5,20,3,Semi-Furnished,40,5434159.0
765,H0766,Delhi,3563.0,5,1,1,1,Furnished,4,6106501.0
766,H0767,Mumbai,3521.0,5,1,3,2,Semi-Furnished,3,6146385.0
767,H0768,Delhi,1895.0,2,5,29,0,Unfurnished,9,3823844.0
768,H0769,Pune,4822.0,2,5,30,3,Furnished,18,7283948.0
769,H0770,Delhi,2485.0,6,2,4,0,Furnished,32,5145194.0
770,H0771,Mumbai,4822.0,5,3,19,3,Furnished,10,8225418.0
772,H0773,Banglore,4275.0,2,3,1,3,Semi-Furnished,34,6674628.0
773,H0774,Mumbai,4029.0,5,3,3,3,Furnished,18,7252543.0
774,H0775,Delhi,2760.0,5,5,31,3,Furnished,7,4969183.0
775,H0776,Mumbai,1327.0,3,2,39,3,Furnished,26,2884370.0
776,H0777,Delhi,3347.0,6,3,38,2,Unfurnished,1,6180220.0
777,H0778,Delhi,1894.0,3,1,10,1,Furnished,22,4969183.0
778,H0779,Pune,2684.0,6,1,38,2,Furnished,31,4969183.0
779,H0780,Banglore,2370.0,5,5,10,1,Unfurnished,7,5263849.0
780,H0781,Hyderabad,2576.0,3,4,0,2,Unfurnished,20,5041150.0
781,H0782,Mumbai,669.0,2,4,14,1,Furnished,23,2469814.0
782,H0783,Banglore,3594.0,6,1,17,3,Unfurnished,34,6306250.0
784,H0785,Delhi,1705.0,4,2,33,2,Semi-Furnished,40,3801253.0
785,H0786,Mumbai,1511.0,1,4,19,0,Furnished,28,2952566.0
786,H0787,Delhi,1770.0,1,3,9,1,Furnished,28,2928638.0
787,H0788,Pune,1303.0,3,3,38,2,Unfurnished,12,3264899.0
788,H0789,Hyderabad,3910.0,5,2,19,2,Unfurnished,6,6783777.0
789,H0790,Pune,4813.0,4,3,32,2,Semi-Furnished,30,4969183.0
790,H0791,Banglore,3948.0,1,2,39,2,Furnished,16,5604687.0
791,H0792,Mumbai,1531.0,4,1,29,3,Semi-Furnished,4,3165971.0
792,H0793,Mumbai,4444.0,6,3,3,0,Unfurnished,38,8098434.0
793,H0794,Mumbai,1767.0,3,3,0,3,Furnished,40,3680849.0
794,H0795,Pune,4643.0,4,4,3,0,Furnished,20,7865809.0
795,H0796,Delhi,1509.0,4,2,40,0,Furnished,12,3199368.0
796,H0797,Mumbai,1319.0,5,4,23,2,Semi-Furnished,26,4969183.0
797,H0798,Delhi,590.0,5,3,2,3,Semi-Furnished,3,4969183.0
798,H0799,Delhi,4622.0,2,3,33,3,Unfurnished,33,6367214.0
799,H0800,Pune,1647.0,3,3,25,0,Unfurnished,31,3516212.0
800,H0801,Mumbai,1560.0,6,3,37,2,Furnished,38,4185387.0
801,H0802,Mumbai,3151.0,2,2,6,1,Furnished,25,5136660.0
802,H0803,Hyderabad,741.0,2,3,6,3,Unfurnished,25,2093887.0
803,H0804,Mumbai,1827.0,4,5,12,0,Furnished,38,4057820.0
804,H0805,Hyderabad,1089.0,3,2,33,3,Semi-Furnished,13,2529353.0
805,H0806,Banglore,4095.0,4,4,4,0,Furnished,9,7371372.0
806,H0807,Mumbai,2874.0,3,4,22,0,Unfurnished,11,5175862.0
807,H0808,Mumbai,964.0,5,1,37,3,Semi-Furnished,17,2583234.0
808,H0809,Hyderabad,3200.0,6,1,15,3,Unfurnished,5,6406246.0
809,H0810,Mumbai,1160.0,5,4,8,2,Semi-Furnished,3,3706116.0
810,H0811,Mumbai,2365.0,1,1,1,1,Unfurnished,35,3700817.0
811,H0812,Banglore,1628.0,1,4,7,2,Semi-Furnished,23,3071652.0
812,H0813,Mumbai,4892.0,5,1,0,1,Furnished,4,7780733.0
813,H0814,Mumbai,2895.0,2,5,25,3,Semi-Furnished,8,4814534.0
814,H0815,Banglore,2304.0,4,3,23,2,Semi-Furnished,16,4857236.0
815,H0816,Banglore,4483.0,3,1,13,1,Unfurnished,34,6571334.0
816,H0817,Mumbai,2425.0,6,4,29,0,Semi-Furnished,2,5733142.0
817,H0818,Delhi,3645.0,4,1,24,3,Furnished,29,5585573.0
818,H0819,Mumbai,3349.0,1,5,21,2,Semi-Furnished,38,5095862.0
819,H0820,Pune,967.0,1,5,24,2,Unfurnished,35,2481417.0
820,H0821,Hyderabad,2451.0,2,1,17,2,Semi-Furnished,6,3953273.0
821,H0822,Mumbai,601.0,1,3,36,2,Semi-Furnished,17,1413669.0
822,H0823,Banglore,2284.0,4,1,37,0,Furnished,18,4409035.0
823,H0824,Mumbai,2363.0,6,2,9,0,Furnished,15,5090605.0
824,H0825,Mumbai,998.0,6,3,16,0,Unfurnished,23,3939293.0
825,H0826,Delhi,2171.0,3,5,23,3,Furnished,5,4647391.0
826,H0827,Mumbai,2908.0,5,1,10,2,Unfurnished,3,5529602.0
827,H0828,Mumbai,3318.0,2,4,37,0,Furnished,10,5361201.0
828,H0829,Hyderabad,3924.0,5,1,33,0,Unfurnished,39,6529073.0
829,H0830,Pune,2491.0,3,2,29,2,Unfurnished,8,4311955.0
830,H0831,Delhi,3467.0,6,4,38,1,Unfurnished,29,6674596.0
831,H0832,Mumbai,1631.0,5,3,18,2,Semi-Furnished,21,3945894.0
832,H0833,Hyderabad,1973.0,4,1,10,0,Unfurnished,27,3958769.0
833,H0834,Delhi,1867.0,1,2,32,3,Semi-Furnished,28,2951981.0
834,H0835,Banglore,3257.0,5,5,39,0,Semi-Furnished,3,6030735.0
835,H0836,Hyderabad,1602.0,6,2,37,0,Unfurnished,10,3810561.0
836,H0837,Hyderabad,2788.0,1,2,19,3,Unfurnished,22,3896233.0
837,H0838,Banglore,3109.0,2,2,2,1,Unfurnished,28,5215152.0
838,H0839,Delhi,4486.0,4,2,10,2,Unfurnished,17,7009474.0
839,H0840,Banglore,825.0,5,5,12,0,Furnished,32,3187029.0
840,H0841,Banglore,4217.0,3,1,7,3,Furnished,28,6617615.0
841,H0842,Banglore,1147.0,6,2,4,2,Semi-Furnished,11,4113091.0
842,H0843,Mumbai,814.0,4,1,33,2,Unfurnished,13,2717083.0
843,H0844,Banglore,2102.0,3,4,9,3,Furnished,12,4593255.0
844,H0845,Pune,526.0,4,1,31,1,Unfurnished,12,1851898.0
845,H0846,Hyderabad,1975.0,3,2,18,3,Semi-Furnished,32,3841262.0
846,H0847,Delhi,2853.0,4,4,20,1,Semi-Furnished,28,5205045.0
847,H0848,Banglore,4462.0,4,5,26,1,Unfurnished,2,7539462.0
848,H0849,Mumbai,3101.0,4,4,28,3,Semi-Furnished,26,5584563.0
849,H0850,Delhi,2312.0,5,2,34,1,Unfurnished,8,4969183.0
850,H0851,Banglore,3230.0,3,5,4,0,Unfurnished,34,5736686.0
851,H0852,Mumbai,1822.0,3,3,26,1,Furnished,36,3557184.0
852,H0853,Mumbai,846.0,2,3,19,0,Semi-Furnished,15,2259522.0
853,H0854,Hyderabad,2711.0,1,1,4,3,Unfurnished,2,3868657.0
854,H0855,Pune,3057.0,3,4,32,0,Furnished,20,5235761.0
855,H0856,Hyderabad,2320.0,4,5,17,3,Furnished,19,5228104.0
856,H0857,Pune,1387.0,4,2,36,0,Semi-Furnished,26,3117790.0
857,H0858,Mumbai,1185.0,1,5,10,1,Furnished,32,2674111.0
858,H0859,Mumbai,982.0,4,3,26,2,Semi-Furnished,22,2816328.0
859,H0860,Pune,4503.0,5,4,20,1,Unfurnished,21,7882383.0
860,H0861,Delhi,1134.0,4,2,0,1,Furnished,34,4969183.0
861,H0862,Banglore,4797.0,4,2,35,3,Furnished,26,6986108.0
862,H0863,Hyderabad,3544.0,5,2,9,2,Unfurnished,34,6207193.0
863,H0864,Delhi,1608.0,2,5,30,0,Furnished,21,4969183.0
864,H0865,Mumbai,1268.0,5,4,21,0,Furnished,4,4969183.0
865,H0866,Hyderabad,3991.0,5,3,23,3,Unfurnished,17,7212568.0
866,H0867,Hyderabad,2653.0,5,1,8,3,Unfurnished,22,4969183.0
867,H0868,Mumbai,1700.0,2,2,30,0,Furnished,21,2816566.0
868,H0869,Banglore,1460.0,2,5,25,3,Semi-Furnished,25,3424526.0
869,H0870,Pune,1860.0,6,3,9,3,Unfurnished,36,4875100.0
870,H0871,Delhi,707.0,3,4,22,3,Semi-Furnished,14,2845386.0
871,H0872,Banglore,2096.0,1,5,19,2,Unfurnished,7,4969183.0
872,H0873,Pune,859.0,6,3,17,0,Unfurnished,37,3157704.0
873,H0874,Mumbai,1351.0,1,3,1,1,Semi-Furnished,12,2639243.0
874,H0875,Delhi,4957.0,3,2,39,0,Unfurnished,22,4969183.0
875,H0876,Mumbai,1003.0,1,2,32,1,Semi-Furnished,18,1681647.0
876,H0877,Pune,526.0,3,3,35,2,Unfurnished,8,2149238.0
877,H0878,Delhi,1995.0,6,1,11,2,Furnished,38,4265084.0
878,H0879,Delhi,2065.0,6,2,19,0,Semi-Furnished,25,4764021.0
879,H0880,Banglore,1950.0,3,3,28,2,Unfurnished,6,4093682.0
880,H0881,Delhi,1896.0,1,5,24,1,Unfurnished,35,3706537.0
881,H0882,Mumbai,4626.0,5,3,5,1,Semi-Furnished,17,7795056.0
882,H0883,Banglore,3145.0,3,5,24,0,Furnished,21,5388694.0
883,H0884,Hyderabad,3432.0,3,2,29,1,Semi-Furnished,2,5678733.0
884,H0885,Delhi,3557.0,5,3,30,3,Unfurnished,20,6060478.0
885,H0886,Delhi,1843.0,5,2,19,1,Unfurnished,37,3982927.0
886,H0887,Delhi,3335.0,4,4,10,3,Furnished,1,6051655.0
887,H0888,Banglore,2504.0,2,5,23,0,Furnished,31,4336869.0
888,H0889,Delhi,4296.0,6,2,6,3,Semi-Furnished,9,7684021.0
890,H0891,Delhi,3761.0,1,2,8,3,Semi-Furnished,13,5214597.0
891,H0892,Delhi,3668.0,6,4,2,2,Semi-Furnished,27,7034838.0
892,H0893,Hyderabad,1330.0,6,4,0,1,Unfurnished,21,4225993.0
893,H0894,Hyderabad,946.0,3,4,16,0,Semi-Furnished,39,2952342.0
894,H0895,Banglore,1965.0,4,5,24,0,Unfurnished,10,4225294.0
895,H0896,Banglore,897.0,4,3,2,0,Furnished,32,3229007.0
896,H0897,Mumbai,692.0,5,3,11,2,Semi-Furnished,23,3192719.0
897,H0898,Pune,3745.0,2,2,5,0,Semi-Furnished,9,5650670.0
898,H0899,Mumbai,4788.0,5,4,2,0,Furnished,21,8311504.0
899,H0900,Banglore,1145.0,3,3,27,3,Unfurnished,2,2836864.0
900,H0901,Hyderabad,2069.0,5,3,19,1,Semi-Furnished,4,4815215.0
901,H0902,Banglore,2684.0,6,1,38,3,Furnished,12,7538352.0
902,H0903,Mumbai,3106.0,1,2,14,0,Unfurnished,21,4513995.0
903,H0904,Banglore,3193.0,5,4,30,0,Semi-Furnished,22,6078740.0
904,H0905,Mumbai,1892.0,6,4,16,3,Unfurnished,3,5294465.0
905,H0906,Hyderabad,2990.0,3,3,28,3,Unfurnished,2,5011473.0
906,H0907,Pune,2825.0,5,4,15,3,Unfurnished,35,5503094.0
907,H0908,Pune,2870.0,2,2,25,3,Unfurnished,23,4407330.0
908,H0909,Pune,3103.0,5,5,34,3,Semi-Furnished,15,6182189.0
909,H0910,Hyderabad,527.0,5,3,29,1,Unfurnished,7,2859375.0
910,H0911,Hyderabad,4623.0,1,5,36,3,Furnished,2,6768408.0
911,H0912,Delhi,3689.0,5,5,12,1,Furnished,30,6993791.0
912,H0913,Delhi,753.0,2,5,29,3,Furnished,16,2548804.0
913,H0914,Hyderabad,1804.0,2,4,4,0,Semi-Furnished,3,3935885.0
914,H0915,Mumbai,1491.0,6,5,34,0,Semi-Furnished,29,4558363.0
915,H0916,Banglore,4690.0,6,4,27,0,Unfurnished,7,8076075.0
916,H0917,Pune,2491.0,4,2,16,0,Unfurnished,22,4496867.0
917,H0918,Delhi,2684.0,6,3,36,2,Furnished,39,6959280.0
918,H0919,Banglore,3012.0,6,2,36,2,Furnished,31,5860629.0
919,H0920,Banglore,2367.0,1,2,37,2,Semi-Furnished,10,3233052.0
920,H0921,Pune,1895.0,3,2,37,2,Semi-Furnished,34,3526547.0
921,H0922,Banglore,1030.0,3,2,19,1,Unfurnished,15,2528379.0
922,H0923,Pune,599.0,6,5,14,1,Unfurnished,24,3243235.0
923,H0924,Delhi,4905.0,1,1,28,1,Unfurnished,16,6444511.0
924,H0925,Mumbai,2677.0,5,3,5,1,Semi-Furnished,5,5426387.0
925,H0926,Mumbai,918.0,3,1,12,3,Semi-Furnished,8,2654963.0
926,H0927,Pune,4020.0,1,4,12,3,Unfurnished,1,6062976.0
928,H0929,Banglore,4674.0,4,4,10,1,Furnished,5,7936800.0
929,H0930,Pune,1390.0,2,2,19,2,Furnished,21,3029164.0
930,H0931,Pune,2072.0,4,2,10,1,Unfurnished,21,4522954.0
931,H0932,Pune,2987.0,3,2,19,2,Semi-Furnished,23,5010064.0
932,H0933,Delhi,3848.0,3,2,29,2,Unfurnished,2,5929635.0
933,H0934,Pune,3168.0,5,5,12,1,Semi-Furnished,40,6458974.0
934,H0935,Delhi,4349.0,1,4,31,1,Furnished,18,6312035.0
935,H0936,Hyderabad,1600.0,6,1,20,3,Semi-Furnished,10,3977726.0
936,H0937,Banglore,2635.0,5,5,18,0,Semi-Furnished,9,5458307.0
937,H0938,Delhi,4274.0,3,3,12,2,Furnished,17,6498062.0
938,H0939,Banglore,993.0,5,3,1,3,Unfurnished,3,3845304.0
939,H0940,Hyderabad,1420.0,5,2,32,0,Unfurnished,37,3690202.0
940,H0941,Pune,4196.0,6,2,21,0,Unfurnished,12,7421516.0
941,H0942,Banglore,2906.0,1,5,24,0,Semi-Furnished,1,4728370.0
942,H0943,Delhi,2684.0,5,3,36,1,Semi-Furnished,13,4449686.0
943,H0944,Delhi,4924.0,3,1,20,2,Semi-Furnished,15,7102750.0
944,H0945,Banglore,723.0,2,4,7,3,Semi-Furnished,2,2653117.0
945,H0946,Mumbai,1260.0,2,5,37,0,Semi-Furnished,11,2856821.0
946,H0947,Banglore,1243.0,5,3,30,2,Furnished,33,3294032.0
947,H0948,Mumbai,1034.0,4,3,14,0,Semi-Furnished,25,4969183.0
948,H0949,Mumbai,575.0,2,5,9,1,Unfurnished,31,2035884.0
949,H0950,Mumbai,1790.0,4,2,11,1,Furnished,12,4060801.0
950,H0951,Banglore,3130.0,1,1,21,0,Semi-Furnished,31,4076885.0
951,H0952,Pune,3356.0,2,1,26,0,Semi-Furnished,8,5175996.0
952,H0953,Banglore,3051.0,4,4,16,1,Unfurnished,21,5962416.0
953,H0954,Mumbai,1530.0,2,5,8,1,Unfurnished,15,3317181.0
954,H0955,Pune,2966.0,3,4,37,2,Semi-Furnished,9,5188074.0
955,H0956,Mumbai,3654.0,6,1,12,1,Furnished,1,6559698.0
956,H0957,Mumbai,3823.0,4,2,29,2,Unfurnished,35,6283829.0
957,H0958,Delhi,2591.0,3,4,35,3,Semi-Furnished,7,4969183.0
958,H0959,Banglore,4247.0,1,1,35,2,Semi-Furnished,9,5715910.0
959,H0960,Banglore,3756.0,5,2,9,1,Unfurnished,2,6615528.0
960,H0961,Mumbai,3470.0,5,2,33,1,Unfurnished,24,5880461.0
961,H0962,Pune,1745.0,5,5,27,1,Semi-Furnished,18,4235288.0
962,H0963,Mumbai,2957.0,1,1,16,2,Semi-Furnished,14,4038460.0
963,H0964,Delhi,2486.0,4,2,26,3,Semi-Furnished,38,4435964.0
964,H0965,Mumbai,1743.0,2,4,9,2,Unfurnished,21,3307892.0
965,H0966,Banglore,2684.0,1,5,39,3,Semi-Furnished,10,4420222.0
966,H0967,Mumbai,3989.0,5,2,31,2,Furnished,15,6950036.0
967,H0968,Banglore,4551.0,6,4,26,0,Semi-Furnished,7,8060014.0
968,H0969,Banglore,605.0,1,4,15,3,Furnished,15,2055837.0
969,H0970,Hyderabad,4751.0,6,4,2,0,Furnished,38,8194565.0
970,H0971,Mumbai,3955.0,4,1,22,3,Semi-Furnished,30,6474159.0
971,H0972,Pune,1980.0,1,3,6,2,Semi-Furnished,27,3160752.0
972,H0973,Hyderabad,891.0,3,4,40,2,Unfurnished,11,2533751.0
973,H0974,Mumbai,4594.0,1,3,22,1,Unfurnished,21,6458491.0
974,H0975,Delhi,2156.0,3,4,22,2,Furnished,29,4301221.0
975,H0976,Delhi,2926.0,5,5,11,3,Furnished,40,5730823.0
976,H0977,Banglore,3286.0,5,3,25,1,Unfurnished,25,5826859.0
977,H0978,Delhi,4989.0,2,3,1,3,Furnished,15,7381412.0
978,H0979,Hyderabad,4458.0,4,4,35,1,Unfurnished,27,7059695.0
979,H0980,Hyderabad,3481.0,3,4,23,2,Semi-Furnished,16,5902906.0
980,H0981,Mumbai,4909.0,5,2,6,3,Unfurnished,35,7984512.0
981,H0982,Pune,2334.0,4,3,36,0,Unfurnished,30,4599940.0
982,H0983,Banglore,971.0,3,4,9,0,Unfurnished,23,4969183.0
983,H0984,Banglore,1592.0,4,2,28,2,Furnished,35,3474860.0
984,H0985,Banglore,3076.0,1,5,3,2,Unfurnished,38,4846697.0
985,H0986,Mumbai,1969.0,2,1,31,0,Semi-Furnished,22,2986234.0
986,H0987,Pune,1634.0,3,2,6,2,Semi-Furnished,23,3371828.0
987,H0988,Hyderabad,1168.0,3,4,6,2,Furnished,2,4969183.0
988,H0989,Delhi,3177.0,4,3,1,2,Unfurnished,5,5808167.0
989,H0990,Hyderabad,1767.0,5,3,36,1,Furnished,29,3951513.0
990,H0991,Delhi,1485.0,3,3,6,2,Furnished,12,3755674.0
991,H0992,Banglore,4989.0,4,4,7,0,Furnished,22,8064982.0
992,H0993,Hyderabad,4435.0,6,5,6,0,Unfurnished,21,8459953.0
993,H0994,Pune,1609.0,4,2,18,3,Furnished,26,3777076.0
994,H0995,Banglore,4576.0,3,1,33,0,Unfurnished,13,6439719.0
995,H0996,Mumbai,729.0,1,3,24,1,Unfurnished,23,2033686.0
996,H0997,Mumbai,866.0,2,1,29,1,Unfurnished,15,1960069.0
997,H0998,Delhi,2187.0,6,1,18,0,Semi-Furnished,16,4861217.0
998,H0999,Banglore,2516.0,5,3,27,2,Unfurnished,14,5115057.0
999,H1000,Delhi,2576.0,5,1,40,3,Unfurnished,3,4997145.0
1000,H1001,Banglore,1044.0,2,5,20,1,Unfurnished,17,2935347.0
1001,H1002,Mumbai,2155.0,1,5,31,1,Semi-Furnished,9,4969183.0
1002,H1003,Pune,1052.0,2,4,39,2,Unfurnished,29,2277093.0
1003,H1004,Delhi,3104.0,1,5,0,1,Semi-Furnished,22,5127785.0
1004,H1005,Mumbai,4641.0,1,2,11,1,Semi-Furnished,22,6609390.0
1005,H1006,Mumbai,3101.0,1,1,4,3,Unfurnished,34,4721426.0
1006,H1007,Mumbai,2684.0,1,4,0,0,Furnished,25,4466295.0
1007,H1008,Pune,4402.0,5,4,18,3,Unfurnished,29,7506614.0
1008,H1009,Pune,4220.0,5,3,14,1,Semi-Furnished,19,4969183.0
1009,H1010,Delhi,4267.0,4,5,14,3,Semi-Furnished,9,7455485.0
1010,H1011,Delhi,3478.0,3,3,25,1,Furnished,34,5519517.0
1011,H1012,Pune,3477.0,4,5,26,2,Furnished,20,6186285.0
1012,H1013,Pune,3876.0,1,2,13,2,Unfurnished,36,4969183.0
1013,H1014,Delhi,1911.0,3,5,9,3,Semi-Furnished,37,4075618.0
1014,H1015,Mumbai,4846.0,6,1,6,0,Furnished,6,7897708.0
1015,H1016,Pune,2244.0,3,1,23,2,Semi-Furnished,38,3991111.0
1016,H1017,Hyderabad,1745.0,2,4,7,3,Unfurnished,11,3957947.0
1017,H1018,Pune,2684.0,4,1,2,1,Semi-Furnished,25,3941980.0
1018,H1019,Banglore,1989.0,4,1,31,2,Furnished,22,3605939.0
1019,H1020,Mumbai,2114.0,6,3,18,0,Unfurnished,23,5210582.0
1020,H1021,Delhi,2795.0,5,1,31,2,Unfurnished,11,4893537.0
1021,H1022,Hyderabad,4252.0,6,1,21,0,Furnished,9,7008596.0
1022,H1023,Pune,2714.0,6,4,21,2,Unfurnished,33,5926935.0
1023,H1024,Mumbai,2684.0,1,4,5,2,Furnished,33,4224839.0
1024,H1025,Delhi,2441.0,1,1,0,0,Unfurnished,22,3543001.0
1025,H1026,Delhi,1366.0,5,1,3,1,Furnished,13,3479297.0
1026,H1027,Pune,1150.0,4,3,40,1,Unfurnished,31,2881883.0
1027,H1028,Banglore,4125.0,2,5,0,0,Furnished,12,6647324.0
1028,H1029,Hyderabad,2041.0,2,3,14,1,Semi-Furnished,26,3740332.0
1029,H1030,Mumbai,4846.0,1,3,18,1,Semi-Furnished,5,6624812.0
1030,H1031,Hyderabad,4153.0,1,1,20,2,Semi-Furnished,39,5307678.0
1031,H1032,Mumbai,2959.0,4,3,34,1,Unfurnished,15,5164637.0
1032,H1033,Pune,3803.0,4,4,28,1,Furnished,10,6637893.0
1033,H1034,Banglore,3495.0,1,4,11,1,Furnished,38,5186843.0
1034,H1035,Pune,2986.0,5,3,14,1,Semi-Furnished,32,5956582.0
1035,H1036,Hyderabad,1048.0,3,4,38,2,Semi-Furnished,10,4969183.0
1036,H1037,Hyderabad,3044.0,6,5,27,0,Semi-Furnished,39,6073515.0
1037,H1038,Delhi,4379.0,1,1,28,2,Semi-Furnished,27,5747864.0
1038,H1039,Banglore,4400.0,3,5,21,2,Unfurnished,13,6988308.0
1039,H1040,Mumbai,2540.0,4,5,30,0,Semi-Furnished,21,5328780.0
1040,H1041,Banglore,2679.0,1,4,24,1,Furnished,18,4969183.0
1041,H1042,Delhi,1697.0,3,3,31,2,Unfurnished,39,3643761.0
1042,H1043,Mumbai,2096.0,5,5,18,1,Semi-Furnished,25,4969183.0
1043,H1044,Delhi,1144.0,3,4,9,3,Unfurnished,25,3440036.0
1044,H1045,Mumbai,4213.0,3,2,37,1,Furnished,21,5998379.0
1045,H1046,Hyderabad,708.0,6,4,20,3,Furnished,12,3532075.0
1046,H1047,Hyderabad,1580.0,4,1,4,1,Furnished,10,3463220.0
1047,H1048,Hyderabad,3880.0,3,1,31,3,Semi-Furnished,35,5486169.0
1048,H1049,Mumbai,4174.0,2,1,16,1,Furnished,16,4969183.0
1049,H1050,Hyderabad,1627.0,5,3,20,3,Semi-Furnished,26,3792591.0
1050,H1051,Mumbai,794.0,2,2,37,3,Unfurnished,1,2044153.0
1051,H1052,Hyderabad,560.0,6,5,18,2,Semi-Furnished,36,3454482.0
1052,H1053,Hyderabad,2632.0,4,1,18,3,Unfurnished,2,4985586.0
1053,H1054,Mumbai,1374.0,6,2,12,2,Semi-Furnished,14,4076907.0
1054,H1055,Pune,3038.0,1,2,11,2,Unfurnished,14,4789460.0
1055,H1056,Hyderabad,2837.0,6,2,4,0,Furnished,1,5692115.0
1056,H1057,Banglore,1806.0,1,1,23,1,Furnished,13,2965921.0
1057,H1058,Delhi,1661.0,3,4,13,0,Furnished,2,4052851.0
1058,H1059,Delhi,2737.0,3,1,36,3,Furnished,5,4969183.0
1059,H1060,Pune,2684.0,1,5,2,0,Furnished,18,3754846.0
1060,H1061,Delhi,2684.0,1,1,36,3,Unfurnished,36,5625058.0
1061,H1062,Delhi,4370.0,5,2,23,2,Semi-Furnished,36,7401035.0
1062,H1063,Mumbai,3346.0,3,2,31,3,Unfurnished,24,5437882.0
1063,H1064,Hyderabad,4917.0,6,2,2,2,Semi-Furnished,33,8167496.0
1064,H1065,Hyderabad,2186.0,6,4,5,3,Furnished,8,5658938.0
1065,H1066,Hyderabad,2357.0,6,3,31,0,Semi-Furnished,21,5254856.0
1066,H1067,Mumbai,1371.0,2,4,9,1,Semi-Furnished,1,3479218.0
1067,H1068,Banglore,2214.0,5,1,12,0,Furnished,2,4409408.0
1068,H1069,Banglore,1474.0,4,3,25,0,Semi-Furnished,39,3488598.0
1069,H1070,Mumbai,843.0,6,4,2,3,Semi-Furnished,21,3855171.0
1070,H1071,Mumbai,3375.0,6,4,1,3,Semi-Furnished,3,7136126.0
1071,H1072,Mumbai,1270.0,4,4,21,1,Semi-Furnished,39,3611075.0
1072,H1073,Mumbai,584.0,6,2,37,0,Unfurnished,33,2931818.0
1073,H1074,Delhi,899.0,3,5,7,3,Furnished,12,3272468.0
1074,H1075,Mumbai,4449.0,4,2,0,3,Semi-Furnished,12,7373819.0
1075,H1076,Banglore,4142.0,6,1,6,1,Unfurnished,9,7153810.0
1076,H1077,Banglore,3517.0,6,5,6,3,Semi-Furnished,31,6790565.0
1077,H1078,Mumbai,3429.0,4,4,32,1,Furnished,9,5876689.0
1078,H1079,Mumbai,2654.0,4,1,11,3,Furnished,8,5171652.0
1079,H1080,Mumbai,4679.0,1,1,33,2,Semi-Furnished,38,6301089.0
1080,H1081,Delhi,2045.0,6,4,30,3,Semi-Furnished,14,4787858.0
1081,H1082,Delhi,4676.0,2,1,30,0,Unfurnished,37,6248934.0
1082,H1083,Banglore,988.0,4,1,20,3,Semi-Furnished,2,2727561.0
1083,H1084,Mumbai,4674.0,4,2,15,2,Unfurnished,32,7077501.0
1084,H1085,Banglore,827.0,3,3,25,2,Unfurnished,30,2500470.0
1085,H1086,Hyderabad,1624.0,4,3,5,3,Unfurnished,22,4197417.0
1086,H1087,Banglore,4706.0,2,3,20,1,Semi-Furnished,37,6712757.0
1087,H1088,Hyderabad,2042.0,5,2,18,1,Semi-Furnished,24,4719541.0
1088,H1089,Banglore,2887.0,6,2,13,2,Furnished,12,6095495.0
1089,H1090,Delhi,2586.0,5,1,16,0,Furnished,25,5245633.0
1090,H1091,Pune,2769.0,5,5,26,1,Unfurnished,18,5476270.0
1091,H1092,Mumbai,1983.0,1,3,3,0,Unfurnished,5,3565428.0
1092,H1093,Hyderabad,827.0,6,5,3,0,Unfurnished,8,4026405.0
1093,H1094,Hyderabad,2685.0,5,3,15,1,Semi-Furnished,2,5792607.0
1094,H1095,Mumbai,642.0,2,1,36,2,Furnished,32,1331014.0
1095,H1096,Hyderabad,2305.0,3,1,0,1,Unfurnished,20,4372333.0
1096,H1097,Banglore,4138.0,4,2,24,3,Furnished,2,6983157.0
1097,H1098,Banglore,4588.0,5,5,24,3,Furnished,39,7736050.0
1098,H1099,Banglore,2196.0,2,3,22,3,Furnished,18,3836049.0
1099,H1100,Mumbai,1029.0,4,1,24,2,Semi-Furnished,24,2824276.0
1100,H1101,Hyderabad,2704.0,3,3,30,1,Unfurnished,11,4669581.0
1101,H1102,Mumbai,893.0,2,1,10,0,Semi-Furnished,40,2301278.0
1102,H1103,Mumbai,2781.0,2,2,26,2,Furnished,11,4667992.0
1103,H1104,Mumbai,1941.0,3,5,30,3,Furnished,11,4071921.0
1104,H1105,Hyderabad,2684.0,1,4,35,2,Furnished,12,6698937.0
1105,H1106,Mumbai,669.0,5,5,3,3,Semi-Furnished,9,3352913.0
1106,H1107,Delhi,2684.0,4,2,29,1,Unfurnished,8,4974672.0
1107,H1108,Hyderabad,4832.0,4,4,35,3,Semi-Furnished,34,7767686.0
1108,H1109,Mumbai,3839.0,2,5,31,1,Unfurnished,3,6048743.0
1109,H1110,Delhi,2953.0,3,1,20,3,Semi-Furnished,13,4545420.0
1110,H1111,Delhi,1645.0,6,3,25,1,Semi-Furnished,10,4141173.0
1111,H1112,Banglore,1568.0,4,1,15,1,Furnished,7,3556368.0
1112,H1113,Mumbai,2908.0,3,5,35,3,Semi-Furnished,3,5477348.0
1113,H1114,Mumbai,2708.0,1,1,32,1,Semi-Furnished,34,3798901.0
1114,H1115,Hyderabad,917.0,5,5,7,3,Furnished,32,3774861.0
1116,H1117,Pune,1589.0,2,4,36,1,Unfurnished,27,2970812.0
1117,H1118,Pune,806.0,3,4,4,1,Furnished,30,2650848.0
1118,H1119,Delhi,4341.0,3,5,35,2,Unfurnished,21,7156494.0
1119,H1120,Hyderabad,2509.0,2,1,27,3,Semi-Furnished,18,3944894.0
1120,H1121,Pune,2610.0,1,2,35,1,Furnished,15,3767820.0
1121,H1122,Mumbai,3213.0,3,1,15,1,Semi-Furnished,40,5260147.0
1122,H1123,Pune,750.0,3,3,7,2,Semi-Furnished,16,2810153.0
1123,H1124,Mumbai,1850.0,3,2,38,2,Furnished,38,4969183.0
1124,H1125,Mumbai,1256.0,6,2,3,0,Furnished,31,3808398.0
1125,H1126,Hyderabad,1216.0,1,2,19,2,Furnished,7,2075033.0
1126,H1127,Mumbai,3701.0,4,1,17,2,Unfurnished,40,6172842.0
1127,H1128,Pune,4717.0,1,4,38,1,Semi-Furnished,19,6318989.0
1128,H1129,Delhi,2905.0,6,4,26,1,Furnished,20,4969183.0
1129,H1130,Banglore,1709.0,1,4,8,1,Unfurnished,5,3341996.0
1130,H1131,Pune,2684.0,6,2,30,0,Furnished,24,5617734.0
1132,H1133,Mumbai,1844.0,3,4,5,3,Furnished,22,3908165.0
1133,H1134,Banglore,3923.0,1,1,40,2,Furnished,22,5238743.0
1134,H1135,Pune,4636.0,3,5,25,1,Unfurnished,28,7064540.0
1135,H1136,Pune,646.0,4,5,40,0,Unfurnished,31,2807713.0
1136,H1137,Banglore,817.0,2,5,16,3,Furnished,17,4969183.0
1137,H1138,Mumbai,2741.0,5,5,26,0,Unfurnished,33,5635278.0
1138,H1139,Mumbai,3686.0,5,3,11,1,Semi-Furnished,1,4969183.0
1139,H1140,Delhi,2615.0,2,3,16,3,Unfurnished,11,4620164.0
1140,H1141,Delhi,4994.0,6,1,4,1,Furnished,8,8066289.0
1141,H1142,Pune,4196.0,3,1,32,3,Unfurnished,33,5928228.0
1142,H1143,Delhi,2050.0,5,3,1,0,Semi-Furnished,5,4745175.0
1143,H1144,Pune,3378.0,1,3,24,3,Furnished,7,5265911.0
1145,H1146,Mumbai,3551.0,6,3,26,0,Furnished,21,6832195.0
1146,H1147,Banglore,4549.0,5,5,21,0,Furnished,40,7532857.0
1147,H1148,Banglore,2959.0,6,2,16,3,Semi-Furnished,10,5935101.0
1148,H1149,Delhi,3833.0,1,1,18,2,Unfurnished,12,5107197.0
1149,H1150,Delhi,3234.0,3,1,11,1,Furnished,38,4913468.0
1150,H1151,Mumbai,4996.0,5,5,19,2,Semi-Furnished,7,8643457.0
1151,H1152,Pune,1063.0,1,5,0,0,Semi-Furnished,31,2415190.0
1152,H1153,Mumbai,2528.0,1,3,10,1,Semi-Furnished,37,3807519.0
1153,H1154,Pune,4675.0,2,4,0,2,Unfurnished,37,7021660.0
1154,H1155,Banglore,2897.0,3,2,25,3,Furnished,38,4738036.0
1155,H1156,Hyderabad,511.0,1,4,37,1,Furnished,17,1392618.0
1157,H1158,Banglore,1376.0,3,2,28,1,Semi-Furnished,10,2850430.0
1158,H1159,Pune,1695.0,2,4,22,1,Semi-Furnished,16,3647711.0
1159,H1160,Mumbai,988.0,6,4,33,2,Semi-Furnished,14,3819085.0
1160,H1161,Pune,4838.0,1,5,29,2,Furnished,20,6900812.0
1161,H1162,Delhi,2306.0,4,2,1,1,Unfurnished,32,4700463.0
1162,H1163,Hyderabad,1309.0,3,5,19,3,Furnished,2,3286826.0
1163,H1164,Banglore,4841.0,2,4,33,0,Unfurnished,10,6849720.0
1164,H1165,Pune,3009.0,6,4,16,2,Unfurnished,38,6069956.0
1165,H1166,Delhi,2107.0,2,3,2,2,Unfurnished,23,4137681.0
1166,H1167,Hyderabad,1622.0,2,4,2,1,Unfurnished,30,3608790.0
1167,H1168,Hyderabad,2257.0,2,3,6,0,Semi-Furnished,17,3825666.0
1168,H1169,Delhi,3291.0,2,5,7,0,Furnished,17,5907171.0
1169,H1170,Hyderabad,4510.0,2,4,21,0,Furnished,6,7100168.0
1170,H1171,Banglore,4205.0,5,2,1,0,Furnished,37,6873399.0
1171,H1172,Delhi,2212.0,2,2,18,3,Unfurnished,4,4025700.0
1172,H1173,Pune,2684.0,6,4,9,0,Furnished,11,6496541.0
1173,H1174,Pune,1194.0,2,2,4,1,Furnished,27,2471507.0
1174,H1175,Hyderabad,4848.0,5,5,21,3,Furnished,11,8561331.0
1175,H1176,Pune,2631.0,5,2,1,1,Unfurnished,26,5327090.0
1176,H1177,Mumbai,940.0,2,5,7,3,Unfurnished,26,2619786.0
1177,H1178,Hyderabad,4953.0,1,2,34,0,Furnished,22,6844181.0
1178,H1179,Hyderabad,2181.0,2,2,40,0,Semi-Furnished,34,3302202.0
1179,H1180,Mumbai,1848.0,6,3,21,0,Unfurnished,3,4454689.0
1180,H1181,Banglore,1164.0,1,2,30,0,Furnished,29,2317015.0
1181,H1182,Delhi,3062.0,4,1,32,2,Furnished,19,5082872.0
1182,H1183,Banglore,4778.0,1,2,11,2,Semi-Furnished,33,6303122.0
1183,H1184,Hyderabad,2640.0,2,4,22,2,Semi-Furnished,6,4697025.0
1184,H1185,Banglore,2707.0,5,2,20,2,Furnished,4,4969183.0
1185,H1186,Pune,934.0,4,2,15,3,Unfurnished,39,3061180.0
1186,H1187,Mumbai,4807.0,2,2,4,0,Semi-Furnished,18,6787669.0
1187,H1188,Hyderabad,2643.0,6,3,11,3,Furnished,32,5612711.0
1188,H1189,Delhi,1768.0,6,1,9,3,Unfurnished,40,4291088.0
1189,H1190,Banglore,2488.0,4,2,23,3,Semi-Furnished,14,4494749.0
1190,H1191,Pune,3693.0,2,3,23,2,Furnished,3,5632252.0
1191,H1192,Banglore,690.0,6,1,30,3,Semi-Furnished,20,3009165.0
1192,H1193,Hyderabad,2350.0,6,1,23,1,Furnished,36,5085304.0
1193,H1194,Delhi,1004.0,6,3,2,2,Furnished,4,3920330.0
1194,H1195,Mumbai,2611.0,5,3,7,3,Furnished,15,5286485.0
1195,H1196,Delhi,4959.0,1,5,12,1,Semi-Furnished,38,6986659.0
1196,H1197,Mumbai,784.0,6,1,5,3,Semi-Furnished,21,3344053.0
1197,H1198,Banglore,568.0,1,2,13,0,Semi-Furnished,2,1453531.0
1198,H1199,Hyderabad,3590.0,3,4,40,3,Furnished,17,5820427.0
1199,H1200,Banglore,3709.0,3,5,22,1,Unfurnished,4,6140755.0
1200,H0001,Hyderabad,2684.0,1,3,15,1,Furnished,9,2556873.0
1201,H0002,Mumbai,2128.0,6,5,26,1,Furnished,29,5190304.0
1202,H0003,Mumbai,1259.0,4,1,22,2,Unfurnished,39,2923170.0
1203,H0004,Mumbai,3462.0,5,2,4,0,Furnished,15,6342845.0
1204,H0005,Delhi,3410.0,2,3,4,1,Semi-Furnished,35,5383702.0
1205,H0006,Delhi,958.0,2,1,20,3,Unfurnished,18,1879003.0
1206,H0007,Banglore,4258.0,2,3,8,1,Unfurnished,36,6664758.0
1207,H0008,Banglore,4674.0,4,1,3,0,Unfurnished,10,7246553.0
1208,H0009,Banglore,2684.0,6,1,34,2,Semi-Furnished,22,2529770.0
1210,H0011,Mumbai,3155.0,4,1,7,2,Furnished,20,5417083.0
1211,H0012,Hyderabad,4863.0,2,2,30,1,Semi-Furnished,17,7103906.0
1212,H0013,Delhi,3768.0,6,3,28,3,Furnished,8,6911547.0
1213,H0014,Delhi,982.0,2,1,2,2,Semi-Furnished,5,2622531.0
1214,H0015,Pune,4372.0,2,4,26,1,Semi-Furnished,7,6453039.0
1215,H0016,Delhi,1306.0,1,4,21,0,Unfurnished,16,2578096.0
1216,H0017,Delhi,4130.0,5,1,3,0,Semi-Furnished,6,6993861.0
1217,H0018,Delhi,3698.0,3,4,18,3,Furnished,36,6287911.0
1218,H0019,Mumbai,968.0,1,5,30,1,Furnished,4,2624096.0
1219,H0020,Hyderabad,2516.0,5,5,2,0,Semi-Furnished,27,5906883.0
1220,H0021,Mumbai,2957.0,4,3,4,0,Furnished,30,5798741.0
1221,H0022,Hyderabad,2501.0,3,3,10,3,Unfurnished,35,4593412.0
1222,H0023,Hyderabad,1600.0,3,1,6,1,Furnished,18,3315442.0
1223,H0024,Delhi,916.0,1,4,17,0,Unfurnished,1,2373959.0
1224,H0025,Delhi,1416.0,1,2,34,0,Semi-Furnished,24,2618564.0
1225,H0026,Hyderabad,3431.0,2,2,6,2,Unfurnished,36,5403317.0
1226,H0027,Delhi,3877.0,1,2,21,3,Unfurnished,16,5442166.0
1227,H0028,Pune,4270.0,3,3,14,1,Semi-Furnished,2,6726511.0
1228,H0029,Mumbai,4892.0,3,1,7,2,Furnished,12,7268761.0
1229,H0030,Mumbai,1447.0,4,5,12,2,Unfurnished,3,4208639.0
